analysis_unit	PTU	target_positive	target_total	target_positive_fraction	background_positive	background_total	odds_ratio	one_sided_fisher_p	BH_q	enriched_BH_q_lt_0.05
accession_used	PTU-Lab13	5	5	1.0	22	1254	inf	3.0870323769606875e-09	1.1422019794754544e-07	True
accession_used	PTU-Lab30	8	67	0.11940298507462686	19	1192	8.371097234611954	4.1872410194783164e-05	0.0007746395886034886	True
accession_used	PTU-E53	2	2	1.0	25	1257	inf	0.0004432316257761289	0.005466523384572257	True
accession_used	PTU-Bac45	2	3	0.6666666666666666	25	1256	98.48	0.0013120643432879679	0.012136595175413703	True
accession_used	PTU-Lab36	2	4	0.5	25	1255	49.2	0.002589372952273327	0.019161359846822622	True
accession_used	PTU-Bif2	1	1	1.0	26	1258	inf	0.021445591739475772	0.13224781572676728	False
accession_used	PTU-Bac29	0	1	0.0	27	1258	0.0	1.0	1.0	False
accession_used	PTU-Lab1	0	45	0.0	27	1214	0.0	1.0	1.0	False
accession_used	PTU-Lab10	0	17	0.0	27	1242	0.0	1.0	1.0	False
accession_used	PTU-Lab11	0	59	0.0	27	1200	0.0	1.0	1.0	False
accession_used	PTU-Lab12	0	28	0.0	27	1231	0.0	1.0	1.0	False
accession_used	PTU-Lab19	0	105	0.0	27	1154	0.0	1.0	1.0	False
accession_used	PTU-Lab2	0	47	0.0	27	1212	0.0	1.0	1.0	False
accession_used	PTU-Lab20	0	8	0.0	27	1251	0.0	1.0	1.0	False
accession_used	PTU-Lab21	0	35	0.0	27	1224	0.0	1.0	1.0	False
accession_used	PTU-Lab22	2	158	0.012658227848101266	25	1101	0.5517948717948717	0.8723162094055259	1.0	False
accession_used	PTU-Lab23	2	136	0.014705882352941176	25	1123	0.6555223880597015	0.8081797756213094	1.0	False
accession_used	PTU-Lab26	0	106	0.0	27	1153	0.0	1.0	1.0	False
accession_used	PTU-Lab27	0	2	0.0	27	1257	0.0	1.0	1.0	False
accession_used	PTU-Lab28	0	1	0.0	27	1258	0.0	1.0	1.0	False
accession_used	PTU-Lab29	0	30	0.0	27	1229	0.0	1.0	1.0	False
accession_used	PTU-Lab31	1	29	0.034482758620689655	26	1230	1.6538461538461537	0.47052260932932727	1.0	False
accession_used	PTU-Lab33	0	7	0.0	27	1252	0.0	1.0	1.0	False
accession_used	PTU-Lab34	0	7	0.0	27	1252	0.0	1.0	1.0	False
accession_used	PTU-Lab38	0	13	0.0	27	1246	0.0	1.0	1.0	False
accession_used	PTU-Lab39	0	3	0.0	27	1256	0.0	1.0	1.0	False
accession_used	PTU-Lab40	0	17	0.0	27	1242	0.0	1.0	1.0	False
accession_used	PTU-Lab41	0	61	0.0	27	1198	0.0	1.0	1.0	False
accession_used	PTU-Lab42	0	78	0.0	27	1181	0.0	1.0	1.0	False
accession_used	PTU-Lab43	0	7	0.0	27	1252	0.0	1.0	1.0	False
accession_used	PTU-Lab44	0	66	0.0	27	1193	0.0	1.0	1.0	False
accession_used	PTU-Lab45	0	32	0.0	27	1227	0.0	1.0	1.0	False
accession_used	PTU-Lab46	0	9	0.0	27	1250	0.0	1.0	1.0	False
accession_used	PTU-Lab48	2	38	0.05263157894736842	25	1221	2.6577777777777776	0.19464734518023188	1.0	False
accession_used	PTU-Lab52	0	25	0.0	27	1234	0.0	1.0	1.0	False
accession_used	PTU-Lab8	0	2	0.0	27	1257	0.0	1.0	1.0	False
accession_used	PTU-Lab9	0	5	0.0	27	1254	0.0	1.0	1.0	False
sequence_cluster_id	PTU-Lab30	8	64	0.125	13	1040	11.285714285714286	9.217859256066576e-06	0.0003410607924744633	True
sequence_cluster_id	PTU-Bac45	2	3	0.6666666666666666	19	1101	113.89473684210526	0.0010228340045752282	0.018922429084641722	True
sequence_cluster_id	PTU-Lab36	2	4	0.5	19	1100	56.89473684210526	0.002022172836052521	0.02494013164464776	True
sequence_cluster_id	PTU-Bif2	1	1	1.0	20	1103	inf	0.019021739130434784	0.11730072463768117	False
sequence_cluster_id	PTU-E53	1	1	1.0	20	1103	inf	0.019021739130434784	0.11730072463768117	False
sequence_cluster_id	PTU-Lab13	1	1	1.0	20	1103	inf	0.019021739130434784	0.11730072463768117	False
sequence_cluster_id	PTU-Lab48	2	36	0.05555555555555555	19	1068	3.2476780185758516	0.14748733290618857	0.7795759025041396	False
sequence_cluster_id	PTU-Bac29	0	1	0.0	21	1103	0.0	1.0	1.0	False
sequence_cluster_id	PTU-Lab1	0	33	0.0	21	1071	0.0	1.0	1.0	False
sequence_cluster_id	PTU-Lab10	0	16	0.0	21	1088	0.0	1.0	1.0	False
sequence_cluster_id	PTU-Lab11	0	45	0.0	21	1059	0.0	1.0	1.0	False
sequence_cluster_id	PTU-Lab12	0	24	0.0	21	1080	0.0	1.0	1.0	False
sequence_cluster_id	PTU-Lab19	0	87	0.0	21	1017	0.0	1.0	1.0	False
sequence_cluster_id	PTU-Lab2	0	37	0.0	21	1067	0.0	1.0	1.0	False
sequence_cluster_id	PTU-Lab20	0	8	0.0	21	1096	0.0	1.0	1.0	False
sequence_cluster_id	PTU-Lab21	0	32	0.0	21	1072	0.0	1.0	1.0	False
sequence_cluster_id	PTU-Lab22	2	146	0.0136986301369863	19	958	0.6864035087719298	0.7892069903341165	1.0	False
sequence_cluster_id	PTU-Lab23	1	122	0.00819672131147541	20	982	0.3975206611570248	0.9165184453021056	1.0	False
sequence_cluster_id	PTU-Lab26	0	81	0.0	21	1023	0.0	1.0	1.0	False
sequence_cluster_id	PTU-Lab27	0	2	0.0	21	1102	0.0	1.0	1.0	False
sequence_cluster_id	PTU-Lab28	0	1	0.0	21	1103	0.0	1.0	1.0	False
sequence_cluster_id	PTU-Lab29	0	28	0.0	21	1076	0.0	1.0	1.0	False
sequence_cluster_id	PTU-Lab31	1	26	0.038461538461538464	20	1078	2.116	0.3965717206196493	1.0	False
sequence_cluster_id	PTU-Lab33	0	6	0.0	21	1098	0.0	1.0	1.0	False
sequence_cluster_id	PTU-Lab34	0	5	0.0	21	1099	0.0	1.0	1.0	False
sequence_cluster_id	PTU-Lab38	0	12	0.0	21	1092	0.0	1.0	1.0	False
sequence_cluster_id	PTU-Lab39	0	3	0.0	21	1101	0.0	1.0	1.0	False
sequence_cluster_id	PTU-Lab40	0	17	0.0	21	1087	0.0	1.0	1.0	False
sequence_cluster_id	PTU-Lab41	0	55	0.0	21	1049	0.0	1.0	1.0	False
sequence_cluster_id	PTU-Lab42	0	73	0.0	21	1031	0.0	1.0	1.0	False
sequence_cluster_id	PTU-Lab43	0	7	0.0	21	1097	0.0	1.0	1.0	False
sequence_cluster_id	PTU-Lab44	0	56	0.0	21	1048	0.0	1.0	1.0	False
sequence_cluster_id	PTU-Lab45	0	30	0.0	21	1074	0.0	1.0	1.0	False
sequence_cluster_id	PTU-Lab46	0	9	0.0	21	1095	0.0	1.0	1.0	False
sequence_cluster_id	PTU-Lab52	0	25	0.0	21	1079	0.0	1.0	1.0	False
sequence_cluster_id	PTU-Lab8	0	2	0.0	21	1102	0.0	1.0	1.0	False
sequence_cluster_id	PTU-Lab9	0	5	0.0	21	1099	0.0	1.0	1.0	False
