ARG99_cluster_id	genome_id
repARGgff0001174	LABG_000256
repARGgff0000002	LABG_000400
repARGgff0000003	LABG_000406
repARGgff0001346	LABG_000406
repARGgff0001217	LABG_000411
repARGgff0000481	LABG_000417
repARGgff0000418	LABG_000423
repARGgff0001217	LABG_000423
repARGgff0000481	LABG_000437
repARGgff0000116	LABG_000437
repARGgff0001345	LABG_000446
repARGgff0000489	LABG_000447
repARGgff0000490	LABG_000447
repARGgff0001345	LABG_000474
repARGgff0000481	LABG_000478
repARGgff0000418	LABG_000483
repARGgff0000418	LABG_000486
repARGgff0001089	LABG_000488
repARGgff0001090	LABG_000488
repARGgff0000481	LABG_000489
repARGgff0000481	LABG_000491
repARGgff0001345	LABG_000492
repARGgff0000481	LABG_000497
repARGgff0000481	LABG_000498
repARGgff0000481	LABG_000508
repARGgff0000481	LABG_000510
repARGgff0001393	LABG_000529
repARGgff0001393	LABG_000530
repARGgff0001321	LABG_000960
repARGgff0001217	LABG_000966
repARGgff0000290	LABG_000970
repARGgff0001321	LABG_000972
repARGgff0000002	LABG_000976
repARGgff0000045	LABG_000990
repARGgff0000035	LABG_000999
repARGgff0001321	LABG_001000
repARGgff0001380	LABG_001000
repARGgff0000038	LABG_001001
repARGgff0001089	LABG_001003
repARGgff0001090	LABG_001003
repARGgff0000597	LABG_001005
repARGgff0000641	LABG_001006
repARGgff0001346	LABG_001007
repARGgff0001160	LABG_001010
repARGgff0000045	LABG_001010
repARGgff0000290	LABG_001010
repARGgff0001217	LABG_001015
repARGgff0001217	LABG_001016
repARGgff0000641	LABG_001020
repARGgff0001315	LABG_001021
repARGgff0001346	LABG_001021
repARGgff0000038	LABG_001021
repARGgff0000290	LABG_001023
repARGgff0001299	LABG_001023
repARGgff0001207	LABG_001023
repARGgff0000641	LABG_001026
repARGgff0001321	LABG_001040
repARGgff0000058	LABG_001043
repARGgff0000290	LABG_001046
repARGgff0000644	LABG_001046
repARGgff0000834	LABG_001049
repARGgff0001087	LABG_001049
repARGgff0000063	LABG_001056
repARGgff0001154	LABG_001068
repARGgff0001122	LABG_001073
repARGgff0000066	LABG_001085
repARGgff0001217	LABG_001087
repARGgff0000721	LABG_001091
repARGgff0001393	LABG_001091
repARGgff0001281	LABG_001098
repARGgff0000597	LABG_001101
repARGgff0000072	LABG_001107
repARGgff0000073	LABG_001109
repARGgff0000108	LABG_001109
repARGgff0000091	LABG_001111
repARGgff0000116	LABG_001111
repARGgff0001155	LABG_001111
repARGgff0001217	LABG_001111
repARGgff0000421	LABG_001116
repARGgff0000038	LABG_001119
repARGgff0001155	LABG_001119
repARGgff0000116	LABG_001124
repARGgff0000083	LABG_001127
repARGgff0000834	LABG_001132
repARGgff0001217	LABG_001134
repARGgff0001393	LABG_001135
repARGgff0001154	LABG_001135
repARGgff0000116	LABG_001135
repARGgff0000578	LABG_001135
repARGgff0001345	LABG_001138
repARGgff0000091	LABG_001139
repARGgff0000290	LABG_001150
repARGgff0001154	LABG_001154
repARGgff0001321	LABG_001162
repARGgff0000421	LABG_001167
repARGgff0000677	LABG_001167
repARGgff0001346	LABG_001167
repARGgff0001121	LABG_001167
repARGgff0001122	LABG_001167
repARGgff0001328	LABG_001167
repARGgff0000290	LABG_001167
repARGgff0000418	LABG_001181
repARGgff0000483	LABG_001181
repARGgff0000834	LABG_001185
repARGgff0001321	LABG_001185
repARGgff0000106	LABG_001185
repARGgff0000035	LABG_001192
repARGgff0000108	LABG_001192
repARGgff0001327	LABG_001195
repARGgff0001321	LABG_001195
repARGgff0000116	LABG_001195
repARGgff0000002	LABG_001202
repARGgff0000483	LABG_001202
repARGgff0000641	LABG_001204
repARGgff0000002	LABG_001204
repARGgff0000116	LABG_001208
repARGgff0000922	LABG_001210
repARGgff0000118	LABG_001210
repARGgff0001155	LABG_001210
repARGgff0000120	LABG_001211
repARGgff0001345	LABG_001214
repARGgff0001409	LABG_001219
repARGgff0000922	LABG_001219
repARGgff0001217	LABG_001219
repARGgff0000597	LABG_001222
repARGgff0000641	LABG_001228
repARGgff0000597	LABG_001229
repARGgff0001217	LABG_001230
repARGgff0000641	LABG_001231
repARGgff0001409	LABG_001232
repARGgff0000131	LABG_001232
repARGgff0001217	LABG_001233
repARGgff0000641	LABG_001235
repARGgff0001321	LABG_001235
repARGgff0000116	LABG_001235
repARGgff0000597	LABG_001235
repARGgff0000641	LABG_001238
repARGgff0001155	LABG_001239
repARGgff0000641	LABG_001242
repARGgff0000116	LABG_001242
repARGgff0001217	LABG_001242
repARGgff0000641	LABG_001249
repARGgff0000642	LABG_001249
repARGgff0000144	LABG_001249
repARGgff0000641	LABG_001252
repARGgff0000597	LABG_001253
repARGgff0000038	LABG_001254
repARGgff0001369	LABG_001259
repARGgff0000641	LABG_001264
repARGgff0000116	LABG_001264
repARGgff0000641	LABG_001265
repARGgff0001321	LABG_001265
repARGgff0000116	LABG_001265
repARGgff0000154	LABG_001267
repARGgff0001393	LABG_001268
repARGgff0001320	LABG_001270
repARGgff0000120	LABG_001272
repARGgff0000158	LABG_001273
repARGgff0000922	LABG_001273
repARGgff0001320	LABG_001273
repARGgff0001217	LABG_001275
repARGgff0000597	LABG_001532
repARGgff0001321	LABG_001652
repARGgff0001321	LABG_001655
repARGgff0000116	LABG_001670
repARGgff0001174	LABG_001670
repARGgff0001321	LABG_001735
repARGgff0001174	LABG_001735
repARGgff0001174	LABG_001740
repARGgff0001321	LABG_001747
repARGgff0000597	LABG_001751
repARGgff0001127	LABG_001751
repARGgff0001128	LABG_001751
repARGgff0001393	LABG_001755
repARGgff0001174	LABG_001755
repARGgff0001174	LABG_001785
repARGgff0000922	LABG_001788
repARGgff0000644	LABG_001788
repARGgff0001385	LABG_002033
repARGgff0001154	LABG_002034
repARGgff0001321	LABG_002118
repARGgff0000182	LABG_002122
repARGgff0000183	LABG_002209
repARGgff0000289	LABG_002275
repARGgff0000185	LABG_002275
repARGgff0000289	LABG_002318
repARGgff0001321	LABG_002384
repARGgff0000644	LABG_002384
repARGgff0001174	LABG_002389
repARGgff0000597	LABG_002424
repARGgff0001321	LABG_002426
repARGgff0000230	LABG_002426
repARGgff0001174	LABG_002426
repARGgff0001321	LABG_002445
repARGgff0000195	LABG_002445
repARGgff0000644	LABG_002447
repARGgff0000597	LABG_002493
repARGgff0001174	LABG_002493
repARGgff0001321	LABG_002498
repARGgff0001174	LABG_002498
repARGgff0001217	LABG_002498
repARGgff0001174	LABG_002548
repARGgff0001174	LABG_002551
repARGgff0001345	LABG_002580
repARGgff0000290	LABG_002580
repARGgff0001174	LABG_002580
repARGgff0000116	LABG_002645
repARGgff0001174	LABG_002645
repARGgff0001174	LABG_002648
repARGgff0001321	LABG_002962
repARGgff0000481	LABG_002962
repARGgff0000483	LABG_002962
repARGgff0001217	LABG_002962
repARGgff0000230	LABG_003077
repARGgff0000714	LABG_003091
repARGgff0000290	LABG_003091
repARGgff0000230	LABG_003091
repARGgff0001321	LABG_003170
repARGgff0000116	LABG_003170
repARGgff0000220	LABG_003203
repARGgff0000834	LABG_003203
repARGgff0001321	LABG_003203
repARGgff0000116	LABG_003203
repARGgff0000290	LABG_003203
repARGgff0001174	LABG_003203
repARGgff0000597	LABG_003218
repARGgff0001174	LABG_003218
repARGgff0001174	LABG_003219
repARGgff0001174	LABG_003222
repARGgff0000230	LABG_003225
repARGgff0000420	LABG_003226
repARGgff0000421	LABG_003226
repARGgff0000290	LABG_003226
repARGgff0001393	LABG_003239
repARGgff0000116	LABG_003239
repARGgff0000290	LABG_003239
repARGgff0001174	LABG_003239
repARGgff0001314	LABG_003239
repARGgff0000195	LABG_003240
repARGgff0001174	LABG_003260
repARGgff0001314	LABG_003260
repARGgff0000597	LABG_003264
repARGgff0001174	LABG_003264
repARGgff0001314	LABG_003264
repARGgff0001393	LABG_003265
repARGgff0000116	LABG_003265
repARGgff0001174	LABG_003265
repARGgff0001393	LABG_003274
repARGgff0000116	LABG_003274
repARGgff0001174	LABG_003274
repARGgff0001314	LABG_003274
repARGgff0001174	LABG_003281
repARGgff0001314	LABG_003281
repARGgff0000597	LABG_003290
repARGgff0000385	LABG_003290
repARGgff0001314	LABG_003290
repARGgff0000257	LABG_003296
repARGgff0000230	LABG_003302
repARGgff0001174	LABG_003366
repARGgff0001314	LABG_003366
repARGgff0001321	LABG_003387
repARGgff0000597	LABG_003387
repARGgff0000230	LABG_003387
repARGgff0000641	LABG_003391
repARGgff0000642	LABG_003391
repARGgff0000116	LABG_003391
repARGgff0000597	LABG_003391
repARGgff0000290	LABG_003391
repARGgff0000230	LABG_003391
repARGgff0000421	LABG_003392
repARGgff0000116	LABG_003392
repARGgff0000597	LABG_003392
repARGgff0000290	LABG_003392
repARGgff0000230	LABG_003392
repARGgff0000641	LABG_003394
repARGgff0000116	LABG_003394
repARGgff0000230	LABG_003394
repARGgff0000641	LABG_003396
repARGgff0000481	LABG_003396
repARGgff0000597	LABG_003396
repARGgff0000290	LABG_003396
repARGgff0000644	LABG_003396
repARGgff0000597	LABG_003399
repARGgff0000290	LABG_003399
repARGgff0000644	LABG_003399
repARGgff0000421	LABG_003402
repARGgff0000002	LABG_003402
repARGgff0000597	LABG_003402
repARGgff0000289	LABG_003402
repARGgff0000290	LABG_003402
repARGgff0000644	LABG_003402
repARGgff0000116	LABG_003502
repARGgff0001174	LABG_003502
repARGgff0001314	LABG_003502
repARGgff0000421	LABG_003503
repARGgff0001121	LABG_003503
repARGgff0001122	LABG_003503
repARGgff0000290	LABG_003503
repARGgff0000644	LABG_003503
repARGgff0001314	LABG_003503
repARGgff0001174	LABG_003504
repARGgff0001314	LABG_003504
repARGgff0001174	LABG_003505
repARGgff0001314	LABG_003505
repARGgff0000116	LABG_003508
repARGgff0001174	LABG_003508
repARGgff0001314	LABG_003508
repARGgff0001174	LABG_003509
repARGgff0001314	LABG_003509
repARGgff0000421	LABG_003510
repARGgff0001121	LABG_003510
repARGgff0001122	LABG_003510
repARGgff0000290	LABG_003510
repARGgff0000644	LABG_003510
repARGgff0001314	LABG_003510
repARGgff0001174	LABG_003512
repARGgff0000317	LABG_003543
repARGgff0001321	LABG_003607
repARGgff0000644	LABG_003607
repARGgff0001321	LABG_003610
repARGgff0000644	LABG_003610
repARGgff0000322	LABG_003614
repARGgff0001174	LABG_003662
repARGgff0000644	LABG_003788
repARGgff0001174	LABG_003871
repARGgff0001174	LABG_003887
repARGgff0001174	LABG_003979
repARGgff0000644	LABG_004045
repARGgff0001299	LABG_004052
repARGgff0000644	LABG_004071
repARGgff0000331	LABG_004077
repARGgff0001321	LABG_004104
repARGgff0000711	LABG_004104
repARGgff0001174	LABG_004104
repARGgff0001174	LABG_004126
repARGgff0001174	LABG_004296
repARGgff0000677	LABG_004350
repARGgff0000106	LABG_004350
repARGgff0001328	LABG_004350
repARGgff0000421	LABG_004367
repARGgff0000644	LABG_004367
repARGgff0001174	LABG_004408
repARGgff0000597	LABG_004478
repARGgff0001174	LABG_004478
repARGgff0001174	LABG_004538
repARGgff0001314	LABG_004538
repARGgff0000290	LABG_004644
repARGgff0000230	LABG_004644
repARGgff0001174	LABG_004709
repARGgff0001174	LABG_004710
repARGgff0000116	LABG_004769
repARGgff0001174	LABG_004769
repARGgff0001321	LABG_004779
repARGgff0001174	LABG_004779
repARGgff0001174	LABG_004871
repARGgff0001174	LABG_004872
repARGgff0001321	LABG_004905
repARGgff0000597	LABG_004905
repARGgff0001174	LABG_004905
repARGgff0001321	LABG_004906
repARGgff0000597	LABG_004906
repARGgff0001174	LABG_004906
repARGgff0000002	LABG_004910
repARGgff0000644	LABG_004910
repARGgff0000290	LABG_005064
repARGgff0000230	LABG_005064
repARGgff0000290	LABG_005085
repARGgff0000230	LABG_005085
repARGgff0000116	LABG_005094
repARGgff0000290	LABG_005094
repARGgff0000371	LABG_005094
repARGgff0000597	LABG_005163
repARGgff0000597	LABG_005163
repARGgff0001174	LABG_005163
repARGgff0000597	LABG_005164
repARGgff0000597	LABG_005164
repARGgff0001174	LABG_005164
repARGgff0001321	LABG_005238
repARGgff0000644	LABG_005238
repARGgff0000644	LABG_005239
repARGgff0000780	LABG_005240
repARGgff0001321	LABG_005241
repARGgff0000644	LABG_005241
repARGgff0001321	LABG_005270
repARGgff0000385	LABG_005270
repARGgff0000230	LABG_005296
repARGgff0000385	LABG_005297
repARGgff0000644	LABG_005298
repARGgff0000230	LABG_005302
repARGgff0001174	LABG_005314
repARGgff0000116	LABG_005318
repARGgff0001174	LABG_005318
repARGgff0001174	LABG_005320
repARGgff0000418	LABG_005424
repARGgff0000395	LABG_005424
repARGgff0001321	LABG_005433
repARGgff0001154	LABG_005433
repARGgff0000421	LABG_005446
repARGgff0001409	LABG_005446
repARGgff0000597	LABG_005446
repARGgff0000290	LABG_005446
repARGgff0000402	LABG_005446
repARGgff0001409	LABG_005466
repARGgff0000002	LABG_005466
repARGgff0001321	LABG_005466
repARGgff0001321	LABG_005466
repARGgff0001393	LABG_005466
repARGgff0001174	LABG_005466
repARGgff0001217	LABG_005466
repARGgff0001321	LABG_005477
repARGgff0000116	LABG_005477
repARGgff0001154	LABG_005477
repARGgff0001174	LABG_005477
repARGgff0000183	LABG_005488
repARGgff0000644	LABG_005496
repARGgff0000644	LABG_005523
repARGgff0001321	LABG_005563
repARGgff0000418	LABG_005563
repARGgff0000711	LABG_005563
repARGgff0000420	LABG_005564
repARGgff0000421	LABG_005564
repARGgff0000641	LABG_005564
repARGgff0000642	LABG_005564
repARGgff0000290	LABG_005564
repARGgff0000230	LABG_005564
repARGgff0000426	LABG_005570
repARGgff0000597	LABG_005570
repARGgff0001321	LABG_005741
repARGgff0001174	LABG_005741
repARGgff0001174	LABG_005743
repARGgff0001090	LABG_005755
repARGgff0000116	LABG_005756
repARGgff0000230	LABG_005824
repARGgff0000116	LABG_005825
repARGgff0000290	LABG_005825
repARGgff0000230	LABG_005825
repARGgff0001174	LABG_005826
repARGgff0000116	LABG_005827
repARGgff0001174	LABG_005827
repARGgff0000116	LABG_005828
repARGgff0000290	LABG_005828
repARGgff0000230	LABG_005828
repARGgff0000644	LABG_005847
repARGgff0000289	LABG_005861
repARGgff0001174	LABG_005883
repARGgff0000644	LABG_005971
repARGgff0001345	LABG_006272
repARGgff0001174	LABG_006272
repARGgff0001174	LABG_006273
repARGgff0001321	LABG_006418
repARGgff0001174	LABG_006418
repARGgff0000597	LABG_006486
repARGgff0001217	LABG_006494
repARGgff0000116	LABG_006495
repARGgff0000597	LABG_006496
repARGgff0001314	LABG_006496
repARGgff0000597	LABG_006497
repARGgff0001174	LABG_006498
repARGgff0001314	LABG_006498
repARGgff0000597	LABG_006499
repARGgff0000290	LABG_006499
repARGgff0000230	LABG_006499
repARGgff0001314	LABG_006499
repARGgff0001409	LABG_006566
repARGgff0000116	LABG_006566
repARGgff0000116	LABG_006566
repARGgff0000385	LABG_006566
repARGgff0000644	LABG_006641
repARGgff0001174	LABG_006678
repARGgff0001174	LABG_006727
repARGgff0001174	LABG_006727
repARGgff0001174	LABG_006727
repARGgff0001174	LABG_006727
repARGgff0001174	LABG_006737
repARGgff0001174	LABG_006762
repARGgff0001174	LABG_006764
repARGgff0001174	LABG_006876
repARGgff0000420	LABG_006897
repARGgff0000421	LABG_006897
repARGgff0000922	LABG_006897
repARGgff0000481	LABG_006897
repARGgff0000481	LABG_006897
repARGgff0000483	LABG_006897
repARGgff0000483	LABG_006897
repARGgff0000290	LABG_006897
repARGgff0000230	LABG_006897
repARGgff0001217	LABG_006897
repARGgff0000116	LABG_006922
repARGgff0000489	LABG_006922
repARGgff0000490	LABG_006922
repARGgff0001321	LABG_006938
repARGgff0000644	LABG_006938
repARGgff0000421	LABG_006939
repARGgff0000230	LABG_006939
repARGgff0001174	LABG_006960
repARGgff0000780	LABG_007220
repARGgff0000644	LABG_007224
repARGgff0000644	LABG_007225
repARGgff0000780	LABG_007241
repARGgff0001174	LABG_007360
repARGgff0001345	LABG_007485
repARGgff0000834	LABG_007494
repARGgff0000780	LABG_007494
repARGgff0000644	LABG_007530
repARGgff0000507	LABG_007555
repARGgff0000780	LABG_007555
repARGgff0000507	LABG_007576
repARGgff0000644	LABG_007600
repARGgff0001346	LABG_007623
repARGgff0001089	LABG_007630
repARGgff0001090	LABG_007630
repARGgff0000677	LABG_007632
repARGgff0000644	LABG_007653
repARGgff0000644	LABG_007716
repARGgff0001174	LABG_007717
repARGgff0000002	LABG_007722
repARGgff0001174	LABG_007722
repARGgff0001321	LABG_007725
repARGgff0000597	LABG_007725
repARGgff0000597	LABG_007725
repARGgff0000597	LABG_007725
repARGgff0000597	LABG_007725
repARGgff0000597	LABG_007725
repARGgff0000597	LABG_007725
repARGgff0000597	LABG_007725
repARGgff0000526	LABG_007725
repARGgff0000922	LABG_007726
repARGgff0000290	LABG_007726
repARGgff0000529	LABG_007726
repARGgff0000481	LABG_007837
repARGgff0000116	LABG_007837
repARGgff0000483	LABG_007837
repARGgff0000290	LABG_007837
repARGgff0000230	LABG_007837
repARGgff0000195	LABG_007875
repARGgff0001321	LABG_007900
repARGgff0000644	LABG_007900
repARGgff0001409	LABG_007917
repARGgff0000116	LABG_007917
repARGgff0000290	LABG_007917
repARGgff0000230	LABG_007917
repARGgff0000922	LABG_007922
repARGgff0000481	LABG_007922
repARGgff0000385	LABG_007922
repARGgff0000545	LABG_007946
repARGgff0001174	LABG_008317
repARGgff0001174	LABG_008318
repARGgff0001174	LABG_008379
repARGgff0001174	LABG_008380
repARGgff0000644	LABG_008383
repARGgff0000551	LABG_008384
repARGgff0000644	LABG_008387
repARGgff0000644	LABG_008392
repARGgff0000780	LABG_008402
repARGgff0000780	LABG_008403
repARGgff0000780	LABG_008406
repARGgff0000561	LABG_008410
repARGgff0000644	LABG_008413
repARGgff0000780	LABG_008415
repARGgff0000644	LABG_008417
repARGgff0000561	LABG_008431
repARGgff0000644	LABG_008437
repARGgff0000780	LABG_008452
repARGgff0000641	LABG_008468
repARGgff0000597	LABG_008468
repARGgff0000597	LABG_008468
repARGgff0000481	LABG_008472
repARGgff0001174	LABG_008472
repARGgff0001174	LABG_008480
repARGgff0000116	LABG_008488
repARGgff0001174	LABG_008488
repARGgff0000969	LABG_008503
repARGgff0000116	LABG_008630
repARGgff0000290	LABG_008630
repARGgff0000116	LABG_008631
repARGgff0001174	LABG_008631
repARGgff0001321	LABG_009012
repARGgff0000578	LABG_009017
repARGgff0000644	LABG_009017
repARGgff0001174	LABG_009017
repARGgff0001174	LABG_009018
repARGgff0001321	LABG_009023
repARGgff0000780	LABG_009023
repARGgff0001321	LABG_009029
repARGgff0001321	LABG_009034
repARGgff0000780	LABG_009034
repARGgff0001174	LABG_009064
repARGgff0001321	LABG_009078
repARGgff0001174	LABG_009078
repARGgff0001321	LABG_009093
repARGgff0000780	LABG_009095
repARGgff0000578	LABG_009099
repARGgff0001174	LABG_009099
repARGgff0001281	LABG_009102
repARGgff0001321	LABG_009102
repARGgff0001282	LABG_009102
repARGgff0000597	LABG_009117
repARGgff0001174	LABG_009117
repARGgff0001321	LABG_009124
repARGgff0001174	LABG_009124
repARGgff0000002	LABG_009125
repARGgff0001174	LABG_009125
repARGgff0001321	LABG_009130
repARGgff0001174	LABG_009130
repARGgff0001217	LABG_009130
repARGgff0001321	LABG_009139
repARGgff0000607	LABG_009139
repARGgff0000597	LABG_009148
repARGgff0001321	LABG_009190
repARGgff0001174	LABG_009190
repARGgff0001321	LABG_009193
repARGgff0001174	LABG_009193
repARGgff0001174	LABG_009194
repARGgff0001321	LABG_009261
repARGgff0000481	LABG_009261
repARGgff0000483	LABG_009261
repARGgff0000644	LABG_009261
repARGgff0001174	LABG_009284
repARGgff0000420	LABG_009502
repARGgff0001393	LABG_009502
repARGgff0001393	LABG_009503
repARGgff0001174	LABG_009507
repARGgff0000290	LABG_009523
repARGgff0000385	LABG_009523
repARGgff0001393	LABG_009605
repARGgff0000290	LABG_009634
repARGgff0001210	LABG_009635
repARGgff0000230	LABG_009635
repARGgff0000489	LABG_009658
repARGgff0000490	LABG_009658
repARGgff0001174	LABG_009660
repARGgff0000418	LABG_009662
repARGgff0000481	LABG_009662
repARGgff0000483	LABG_009662
repARGgff0001174	LABG_009662
repARGgff0001174	LABG_009749
repARGgff0000644	LABG_009772
repARGgff0001174	LABG_009772
repARGgff0001321	LABG_009782
repARGgff0001217	LABG_009782
repARGgff0000641	LABG_009814
repARGgff0000642	LABG_009814
repARGgff0001321	LABG_009815
repARGgff0000644	LABG_009815
repARGgff0001321	LABG_009838
repARGgff0000644	LABG_009838
repARGgff0000644	LABG_009878
repARGgff0001174	LABG_010081
repARGgff0000116	LABG_010108
repARGgff0000195	LABG_010108
repARGgff0001321	LABG_010113
repARGgff0000116	LABG_010113
repARGgff0000290	LABG_010113
repARGgff0000597	LABG_010114
repARGgff0000655	LABG_010117
repARGgff0001393	LABG_010117
repARGgff0000481	LABG_010117
repARGgff0000483	LABG_010117
repARGgff0000106	LABG_010117
repARGgff0001174	LABG_010117
repARGgff0000420	LABG_010206
repARGgff0001321	LABG_010404
repARGgff0000711	LABG_010404
repARGgff0001174	LABG_010432
repARGgff0000420	LABG_010493
repARGgff0000421	LABG_010493
repARGgff0000481	LABG_010493
repARGgff0000483	LABG_010493
repARGgff0001127	LABG_010493
repARGgff0001128	LABG_010493
repARGgff0001321	LABG_010505
repARGgff0001321	LABG_010525
repARGgff0000644	LABG_010525
repARGgff0001321	LABG_010529
repARGgff0000644	LABG_010529
repARGgff0001174	LABG_010535
repARGgff0000677	LABG_010576
repARGgff0000678	LABG_010576
repARGgff0001321	LABG_010628
repARGgff0000644	LABG_010628
repARGgff0000116	LABG_010656
repARGgff0000116	LABG_010656
repARGgff0000290	LABG_010658
repARGgff0000230	LABG_010658
repARGgff0000289	LABG_010678
repARGgff0000644	LABG_010690
repARGgff0000687	LABG_010695
repARGgff0001174	LABG_010857
repARGgff0000289	LABG_010925
repARGgff0000690	LABG_010966
repARGgff0000691	LABG_010966
repARGgff0001299	LABG_011170
repARGgff0001174	LABG_011216
repARGgff0000780	LABG_011287
repARGgff0001321	LABG_011324
repARGgff0000644	LABG_011368
repARGgff0000780	LABG_011372
repARGgff0000644	LABG_011373
repARGgff0000780	LABG_011377
repARGgff0000780	LABG_011378
repARGgff0001321	LABG_011430
repARGgff0000644	LABG_011430
repARGgff0000230	LABG_011550
repARGgff0001174	LABG_011570
repARGgff0000644	LABG_011747
repARGgff0000644	LABG_011760
repARGgff0000116	LABG_011781
repARGgff0000195	LABG_011781
repARGgff0001321	LABG_011790
repARGgff0000597	LABG_011790
repARGgff0000711	LABG_011790
repARGgff0001321	LABG_011791
repARGgff0000711	LABG_011791
repARGgff0000714	LABG_011793
repARGgff0000597	LABG_011793
repARGgff0000230	LABG_011793
repARGgff0000644	LABG_011805
repARGgff0000644	LABG_011806
repARGgff0000780	LABG_011808
repARGgff0001282	LABG_011919
repARGgff0000721	LABG_011922
repARGgff0001321	LABG_011922
repARGgff0000723	LABG_011929
repARGgff0000420	LABG_011933
repARGgff0000421	LABG_011933
repARGgff0001321	LABG_011933
repARGgff0001121	LABG_011933
repARGgff0001122	LABG_011933
repARGgff0000230	LABG_011933
repARGgff0000116	LABG_012067
repARGgff0000644	LABG_012072
repARGgff0001321	LABG_012077
repARGgff0001393	LABG_012077
repARGgff0000116	LABG_012077
repARGgff0001321	LABG_012099
repARGgff0001321	LABG_012099
repARGgff0001174	LABG_012099
repARGgff0000116	LABG_012100
repARGgff0000116	LABG_012100
repARGgff0001174	LABG_012100
repARGgff0000317	LABG_012129
repARGgff0000195	LABG_012134
repARGgff0000035	LABG_012169
repARGgff0000420	LABG_012318
repARGgff0001174	LABG_012318
repARGgff0001321	LABG_012589
repARGgff0000597	LABG_012589
repARGgff0001174	LABG_012589
repARGgff0001174	LABG_012688
repARGgff0001346	LABG_012723
repARGgff0000597	LABG_012735
repARGgff0001321	LABG_012759
repARGgff0000597	LABG_012759
repARGgff0000290	LABG_012759
repARGgff0000755	LABG_012811
repARGgff0000597	LABG_012817
repARGgff0000597	LABG_012961
repARGgff0001299	LABG_012961
repARGgff0000597	LABG_012963
repARGgff0000597	LABG_012965
repARGgff0000761	LABG_012965
repARGgff0000597	LABG_012969
repARGgff0000763	LABG_012969
repARGgff0001314	LABG_012969
repARGgff0000597	LABG_012972
repARGgff0001174	LABG_012972
repARGgff0000116	LABG_012977
repARGgff0000597	LABG_012983
repARGgff0001321	LABG_012984
repARGgff0000597	LABG_012984
repARGgff0000116	LABG_012985
repARGgff0000290	LABG_013047
repARGgff0000230	LABG_013047
repARGgff0000644	LABG_013053
repARGgff0000116	LABG_013063
repARGgff0001174	LABG_013067
repARGgff0001321	LABG_013088
repARGgff0000116	LABG_013088
repARGgff0000644	LABG_013088
repARGgff0000780	LABG_013091
repARGgff0001321	LABG_013095
repARGgff0000780	LABG_013095
repARGgff0001314	LABG_013125
repARGgff0001314	LABG_013229
repARGgff0001314	LABG_013248
repARGgff0000780	LABG_013258
repARGgff0000834	LABG_013271
repARGgff0001393	LABG_013271
repARGgff0000481	LABG_013271
repARGgff0000483	LABG_013271
repARGgff0001174	LABG_013271
repARGgff0001217	LABG_013271
repARGgff0000421	LABG_013272
repARGgff0000481	LABG_013272
repARGgff0000644	LABG_013272
repARGgff0000421	LABG_013273
repARGgff0000834	LABG_013273
repARGgff0001321	LABG_013273
repARGgff0000418	LABG_013273
repARGgff0000481	LABG_013273
repARGgff0000483	LABG_013273
repARGgff0000644	LABG_013273
repARGgff0000420	LABG_013274
repARGgff0001321	LABG_013274
repARGgff0001393	LABG_013274
repARGgff0000116	LABG_013274
repARGgff0001174	LABG_013274
repARGgff0001345	LABG_013275
repARGgff0000644	LABG_013275
repARGgff0001321	LABG_013276
repARGgff0001174	LABG_013276
repARGgff0000420	LABG_013277
repARGgff0001160	LABG_013277
repARGgff0001393	LABG_013277
repARGgff0000481	LABG_013277
repARGgff0000483	LABG_013277
repARGgff0000290	LABG_013277
repARGgff0000230	LABG_013277
repARGgff0000420	LABG_013278
repARGgff0001160	LABG_013278
repARGgff0001393	LABG_013278
repARGgff0000481	LABG_013278
repARGgff0000483	LABG_013278
repARGgff0000290	LABG_013278
repARGgff0000644	LABG_013278
repARGgff0000420	LABG_013279
repARGgff0001160	LABG_013279
repARGgff0000421	LABG_013279
repARGgff0001393	LABG_013279
repARGgff0000481	LABG_013279
repARGgff0000483	LABG_013279
repARGgff0000290	LABG_013279
repARGgff0000230	LABG_013279
repARGgff0000834	LABG_013281
repARGgff0001393	LABG_013281
repARGgff0000290	LABG_013281
repARGgff0000644	LABG_013281
repARGgff0001174	LABG_013281
repARGgff0001321	LABG_013283
repARGgff0000481	LABG_013283
repARGgff0000483	LABG_013283
repARGgff0001174	LABG_013283
repARGgff0001217	LABG_013283
repARGgff0000420	LABG_013284
repARGgff0001160	LABG_013284
repARGgff0000421	LABG_013284
repARGgff0001393	LABG_013284
repARGgff0000481	LABG_013284
repARGgff0000483	LABG_013284
repARGgff0000290	LABG_013284
repARGgff0000230	LABG_013284
repARGgff0001321	LABG_013286
repARGgff0000481	LABG_013286
repARGgff0001174	LABG_013286
repARGgff0000421	LABG_013287
repARGgff0000834	LABG_013287
repARGgff0000418	LABG_013287
repARGgff0000481	LABG_013287
repARGgff0000644	LABG_013287
repARGgff0001409	LABG_013289
repARGgff0001321	LABG_013289
repARGgff0001154	LABG_013289
repARGgff0000290	LABG_013289
repARGgff0001174	LABG_013289
repARGgff0000420	LABG_013290
repARGgff0000418	LABG_013290
repARGgff0001174	LABG_013290
repARGgff0001217	LABG_013290
repARGgff0001160	LABG_013291
repARGgff0001393	LABG_013291
repARGgff0000483	LABG_013291
repARGgff0000290	LABG_013291
repARGgff0000230	LABG_013291
repARGgff0001127	LABG_013291
repARGgff0001128	LABG_013291
repARGgff0000421	LABG_013294
repARGgff0000834	LABG_013294
repARGgff0001321	LABG_013294
repARGgff0000483	LABG_013294
repARGgff0000644	LABG_013294
repARGgff0000420	LABG_013295
repARGgff0001160	LABG_013295
repARGgff0001321	LABG_013295
repARGgff0000481	LABG_013295
repARGgff0000483	LABG_013295
repARGgff0001174	LABG_013295
repARGgff0000644	LABG_013319
repARGgff0000195	LABG_013322
repARGgff0000889	LABG_013443
repARGgff0001321	LABG_013459
repARGgff0001321	LABG_013459
repARGgff0001321	LABG_013459
repARGgff0001174	LABG_013459
repARGgff0001321	LABG_013515
repARGgff0001174	LABG_013515
repARGgff0001217	LABG_013515
repARGgff0001321	LABG_013529
repARGgff0001174	LABG_013529
repARGgff0001321	LABG_013531
repARGgff0000230	LABG_013531
repARGgff0001174	LABG_013644
repARGgff0001174	LABG_013645
repARGgff0000290	LABG_013646
repARGgff0001174	LABG_013646
repARGgff0001174	LABG_013648
repARGgff0000002	LABG_013651
repARGgff0001174	LABG_013651
repARGgff0001174	LABG_013657
repARGgff0001174	LABG_013664
repARGgff0000116	LABG_013666
repARGgff0001174	LABG_013666
repARGgff0000644	LABG_013780
repARGgff0001174	LABG_013784
repARGgff0000116	LABG_013800
repARGgff0001174	LABG_013800
repARGgff0001217	LABG_013800
repARGgff0000289	LABG_013918
repARGgff0000922	LABG_013926
repARGgff0000290	LABG_013926
repARGgff0000230	LABG_013926
repARGgff0000921	LABG_013928
repARGgff0000922	LABG_013935
repARGgff0000290	LABG_013935
repARGgff0000230	LABG_013935
repARGgff0001321	LABG_013937
repARGgff0000290	LABG_013937
repARGgff0000644	LABG_013937
repARGgff0001174	LABG_013937
repARGgff0000597	LABG_014119
repARGgff0001174	LABG_014119
repARGgff0000597	LABG_014120
repARGgff0001321	LABG_014121
repARGgff0000290	LABG_014121
repARGgff0000290	LABG_014121
repARGgff0000230	LABG_014121
repARGgff0001321	LABG_014123
repARGgff0000597	LABG_014123
repARGgff0000290	LABG_014123
repARGgff0000290	LABG_014123
repARGgff0000230	LABG_014123
repARGgff0000597	LABG_014128
repARGgff0000969	LABG_014229
repARGgff0001174	LABG_014229
repARGgff0000944	LABG_014303
repARGgff0000421	LABG_014420
repARGgff0001345	LABG_014420
repARGgff0001121	LABG_014420
repARGgff0001122	LABG_014420
repARGgff0000116	LABG_014474
repARGgff0001174	LABG_014602
repARGgff0000116	LABG_014629
repARGgff0001321	LABG_014685
repARGgff0000780	LABG_014685
repARGgff0001321	LABG_014699
repARGgff0000578	LABG_014705
repARGgff0000956	LABG_014772
repARGgff0000957	LABG_014772
repARGgff0000418	LABG_014795
repARGgff0000597	LABG_014798
repARGgff0001321	LABG_014799
repARGgff0000481	LABG_014799
repARGgff0000761	LABG_014799
repARGgff0000002	LABG_014804
repARGgff0001154	LABG_014817
repARGgff0000644	LABG_014817
repARGgff0000290	LABG_014823
repARGgff0000418	LABG_014825
repARGgff0000481	LABG_014825
repARGgff0000969	LABG_014830
repARGgff0001393	LABG_014894
repARGgff0000971	LABG_014906
repARGgff0000597	LABG_014911
repARGgff0000644	LABG_014919
repARGgff0000290	LABG_014924
repARGgff0000230	LABG_014924
repARGgff0001217	LABG_014924
repARGgff0001154	LABG_014929
repARGgff0001321	LABG_014941
repARGgff0001174	LABG_014942
repARGgff0000597	LABG_014944
repARGgff0001217	LABG_014944
repARGgff0000420	LABG_015065
repARGgff0001321	LABG_015065
repARGgff0000984	LABG_015065
repARGgff0000780	LABG_015065
repARGgff0001321	LABG_015107
repARGgff0000780	LABG_015107
repARGgff0000545	LABG_015158
repARGgff0001174	LABG_015169
repARGgff0001217	LABG_015172
repARGgff0001174	LABG_015175
repARGgff0000992	LABG_015184
repARGgff0000289	LABG_015184
repARGgff0000545	LABG_015367
repARGgff0001174	LABG_016589
repARGgff0000996	LABG_016955
repARGgff0001345	LABG_017056
repARGgff0001321	LABG_017056
repARGgff0000597	LABG_017056
repARGgff0000597	LABG_017056
repARGgff0000290	LABG_017056
repARGgff0000290	LABG_017056
repARGgff0000230	LABG_017056
repARGgff0001409	LABG_017069
repARGgff0000290	LABG_017069
repARGgff0000644	LABG_017069
repARGgff0000644	LABG_017574
repARGgff0000644	LABG_017579
repARGgff0000481	LABG_017623
repARGgff0000290	LABG_017675
repARGgff0001321	LABG_017760
repARGgff0000290	LABG_017770
repARGgff0000230	LABG_017770
repARGgff0001174	LABG_017776
repARGgff0000116	LABG_017780
repARGgff0001174	LABG_017780
repARGgff0001174	LABG_017800
repARGgff0000230	LABG_017868
repARGgff0000780	LABG_017912
repARGgff0000780	LABG_017916
repARGgff0001021	LABG_017917
repARGgff0000780	LABG_017939
repARGgff0000780	LABG_017955
repARGgff0001393	LABG_018212
repARGgff0000644	LABG_018228
repARGgff0000780	LABG_018230
repARGgff0000002	LABG_018628
repARGgff0000116	LABG_018628
repARGgff0001174	LABG_018628
repARGgff0001217	LABG_018628
repARGgff0000834	LABG_018759
repARGgff0000002	LABG_018759
repARGgff0001217	LABG_018768
repARGgff0001393	LABG_018899
repARGgff0000116	LABG_018899
repARGgff0000290	LABG_018975
repARGgff0000607	LABG_018975
repARGgff0000780	LABG_019090
repARGgff0001039	LABG_019090
repARGgff0001040	LABG_019090
repARGgff0001041	LABG_019090
repARGgff0001042	LABG_019090
repARGgff0000290	LABG_019171
repARGgff0000644	LABG_019171
repARGgff0000644	LABG_019230
repARGgff0000644	LABG_019242
repARGgff0000002	LABG_019268
repARGgff0001174	LABG_019268
repARGgff0001282	LABG_019327
repARGgff0000780	LABG_019550
repARGgff0001282	LABG_019592
repARGgff0001052	LABG_019671
repARGgff0000780	LABG_019680
repARGgff0001321	LABG_019737
repARGgff0001321	LABG_019741
repARGgff0000230	LABG_019754
repARGgff0000545	LABG_019754
repARGgff0001321	LABG_019861
repARGgff0000644	LABG_020042
repARGgff0000331	LABG_020098
repARGgff0001421	LABG_020142
repARGgff0000195	LABG_020142
repARGgff0001380	LABG_020253
repARGgff0000420	LABG_020267
repARGgff0001160	LABG_020267
repARGgff0000421	LABG_020267
repARGgff0001409	LABG_020267
repARGgff0000116	LABG_020267
repARGgff0000116	LABG_020268
repARGgff0000922	LABG_020271
repARGgff0000058	LABG_020271
repARGgff0001281	LABG_020283
repARGgff0001334	LABG_020285
repARGgff0000038	LABG_020285
repARGgff0000481	LABG_020297
repARGgff0000597	LABG_020297
repARGgff0000420	LABG_020300
repARGgff0000420	LABG_020317
repARGgff0000420	LABG_020328
repARGgff0001345	LABG_020328
repARGgff0001127	LABG_020328
repARGgff0001128	LABG_020328
repARGgff0000418	LABG_020352
repARGgff0001409	LABG_020368
repARGgff0000481	LABG_020368
repARGgff0000116	LABG_020368
repARGgff0001087	LABG_020383
repARGgff0001155	LABG_020392
repARGgff0001089	LABG_020400
repARGgff0001090	LABG_020400
repARGgff0001091	LABG_020403
repARGgff0001092	LABG_020403
repARGgff0001217	LABG_020405
repARGgff0001217	LABG_020412
repARGgff0001121	LABG_020416
repARGgff0001122	LABG_020416
repARGgff0000290	LABG_020422
repARGgff0000230	LABG_020422
repARGgff0001345	LABG_020435
repARGgff0000418	LABG_020437
repARGgff0000922	LABG_020438
repARGgff0001154	LABG_020438
repARGgff0000421	LABG_020471
repARGgff0001409	LABG_020471
repARGgff0000230	LABG_020471
repARGgff0000420	LABG_020535
repARGgff0000421	LABG_020535
repARGgff0001409	LABG_020535
repARGgff0001321	LABG_020535
repARGgff0000922	LABG_020535
repARGgff0000418	LABG_020535
repARGgff0000597	LABG_020536
repARGgff0001321	LABG_020541
repARGgff0000481	LABG_020541
repARGgff0001174	LABG_020541
repARGgff0001393	LABG_020542
repARGgff0000418	LABG_020542
repARGgff0000116	LABG_020542
repARGgff0001127	LABG_020542
repARGgff0000116	LABG_020546
repARGgff0001121	LABG_020546
repARGgff0001122	LABG_020546
repARGgff0001154	LABG_020546
repARGgff0000290	LABG_020546
repARGgff0000420	LABG_020558
repARGgff0001345	LABG_020558
repARGgff0001127	LABG_020567
repARGgff0001128	LABG_020567
repARGgff0001321	LABG_020580
repARGgff0000481	LABG_020580
repARGgff0000116	LABG_020580
repARGgff0000578	LABG_020580
repARGgff0000597	LABG_020588
repARGgff0000641	LABG_020590
repARGgff0001135	LABG_020590
repARGgff0000642	LABG_020590
repARGgff0001121	LABG_020595
repARGgff0001122	LABG_020595
repARGgff0001139	LABG_020597
repARGgff0001140	LABG_020597
repARGgff0001141	LABG_020597
repARGgff0001142	LABG_020600
repARGgff0000597	LABG_020606
repARGgff0000421	LABG_020621
repARGgff0000834	LABG_020621
repARGgff0000481	LABG_020621
repARGgff0001121	LABG_020621
repARGgff0001122	LABG_020621
repARGgff0000421	LABG_020655
repARGgff0000922	LABG_020655
repARGgff0001127	LABG_020655
repARGgff0001128	LABG_020655
repARGgff0000641	LABG_020679
repARGgff0001154	LABG_020698
repARGgff0001155	LABG_020698
repARGgff0001154	LABG_020701
repARGgff0000290	LABG_020701
repARGgff0000230	LABG_020701
repARGgff0000578	LABG_020725
repARGgff0001160	LABG_020748
repARGgff0001393	LABG_020748
repARGgff0001409	LABG_020757
repARGgff0000481	LABG_020757
repARGgff0000116	LABG_020757
repARGgff0000290	LABG_020757
repARGgff0000385	LABG_020757
repARGgff0000834	LABG_020758
repARGgff0001321	LABG_020758
repARGgff0001393	LABG_020758
repARGgff0000418	LABG_020758
repARGgff0000481	LABG_020758
repARGgff0000116	LABG_020758
repARGgff0000483	LABG_020758
repARGgff0001174	LABG_020758
repARGgff0000922	LABG_020765
repARGgff0001176	LABG_020785
repARGgff0001177	LABG_020786
repARGgff0001160	LABG_020793
repARGgff0000597	LABG_020819
repARGgff0000116	LABG_020822
repARGgff0000677	LABG_020848
repARGgff0001154	LABG_020857
repARGgff0001174	LABG_020857
repARGgff0001217	LABG_020857
repARGgff0000481	LABG_020865
repARGgff0001393	LABG_020875
repARGgff0000644	LABG_020875
repARGgff0001321	LABG_020880
repARGgff0001393	LABG_020880
repARGgff0000116	LABG_020880
repARGgff0001154	LABG_020880
repARGgff0001217	LABG_020880
repARGgff0001409	LABG_020887
repARGgff0000421	LABG_020897
repARGgff0001089	LABG_020902
repARGgff0001090	LABG_020902
repARGgff0001197	LABG_020904
repARGgff0001198	LABG_020904
repARGgff0000035	LABG_020913
repARGgff0001200	LABG_020913
repARGgff0000038	LABG_020913
repARGgff0001217	LABG_020913
repARGgff0000597	LABG_020916
repARGgff0001204	LABG_020919
repARGgff0001089	LABG_020919
repARGgff0001090	LABG_020919
repARGgff0001207	LABG_020919
repARGgff0001154	LABG_020926
repARGgff0000420	LABG_020927
repARGgff0001210	LABG_020927
repARGgff0001127	LABG_020927
repARGgff0001128	LABG_020927
repARGgff0001121	LABG_020930
repARGgff0001122	LABG_020930
repARGgff0000597	LABG_020948
repARGgff0000641	LABG_020949
repARGgff0001217	LABG_020952
repARGgff0000597	LABG_020963
repARGgff0001154	LABG_020975
repARGgff0000420	LABG_020981
repARGgff0001315	LABG_020981
repARGgff0001321	LABG_020981
repARGgff0000922	LABG_020981
repARGgff0001154	LABG_020981
repARGgff0001155	LABG_020981
repARGgff0001226	LABG_020981
repARGgff0001345	LABG_020986
repARGgff0001217	LABG_020986
repARGgff0001409	LABG_020998
repARGgff0001230	LABG_020998
repARGgff0000290	LABG_020998
repARGgff0000644	LABG_020998
repARGgff0001217	LABG_020998
repARGgff0000641	LABG_021002
repARGgff0000421	LABG_021062
repARGgff0001409	LABG_021062
repARGgff0001345	LABG_021062
repARGgff0001321	LABG_021062
repARGgff0001393	LABG_021062
repARGgff0000116	LABG_021062
repARGgff0001154	LABG_021062
repARGgff0001242	LABG_021062
repARGgff0001217	LABG_021062
repARGgff0001217	LABG_021062
repARGgff0000420	LABG_021063
repARGgff0001409	LABG_021063
repARGgff0000922	LABG_021063
repARGgff0000418	LABG_021063
repARGgff0000481	LABG_021063
repARGgff0000116	LABG_021063
repARGgff0000290	LABG_021063
repARGgff0000230	LABG_021063
repARGgff0000116	LABG_021064
repARGgff0001254	LABG_021067
repARGgff0001255	LABG_021067
repARGgff0000597	LABG_021100
repARGgff0001257	LABG_021135
repARGgff0001155	LABG_021135
repARGgff0001127	LABG_021158
repARGgff0001128	LABG_021158
repARGgff0000290	LABG_021167
repARGgff0000644	LABG_021167
repARGgff0001217	LABG_021167
repARGgff0001121	LABG_021195
repARGgff0001122	LABG_021195
repARGgff0001266	LABG_021195
repARGgff0000290	LABG_021218
repARGgff0000230	LABG_021218
repARGgff0000677	LABG_021241
repARGgff0000038	LABG_021241
repARGgff0001393	LABG_021243
repARGgff0001121	LABG_021243
repARGgff0001122	LABG_021243
repARGgff0000922	LABG_021244
repARGgff0001154	LABG_021252
repARGgff0001154	LABG_021267
repARGgff0001174	LABG_022122
repARGgff0001278	LABG_022174
repARGgff0001321	LABG_022242
repARGgff0001174	LABG_022242
repARGgff0001281	LABG_022746
repARGgff0001282	LABG_022746
repARGgff0000780	LABG_023230
repARGgff0000116	LABG_024243
repARGgff0000597	LABG_024342
repARGgff0001321	LABG_024345
repARGgff0001345	LABG_024465
repARGgff0001282	LABG_024781
repARGgff0001299	LABG_024797
repARGgff0001409	LABG_024799
repARGgff0001291	LABG_024799
repARGgff0001315	LABG_024799
repARGgff0000481	LABG_024799
repARGgff0001294	LABG_024799
repARGgff0000483	LABG_024799
repARGgff0001296	LABG_024799
repARGgff0001177	LABG_024799
repARGgff0000290	LABG_024799
repARGgff0001299	LABG_024799
repARGgff0001217	LABG_024799
repARGgff0000116	LABG_024818
repARGgff0001393	LABG_024822
repARGgff0000420	LABG_024842
repARGgff0001304	LABG_024842
repARGgff0000290	LABG_024842
repARGgff0000644	LABG_024842
repARGgff0000116	LABG_024850
repARGgff0001393	LABG_024861
repARGgff0000418	LABG_024861
repARGgff0001154	LABG_024861
repARGgff0000834	LABG_024862
repARGgff0001393	LABG_024864
repARGgff0000116	LABG_024864
repARGgff0001314	LABG_024864
repARGgff0001315	LABG_024868
repARGgff0000116	LABG_024868
repARGgff0001317	LABG_024869
repARGgff0000644	LABG_024869
repARGgff0000116	LABG_024877
repARGgff0001320	LABG_024895
repARGgff0001321	LABG_024905
repARGgff0000290	LABG_024905
repARGgff0001321	LABG_024913
repARGgff0000290	LABG_024913
repARGgff0001321	LABG_024926
repARGgff0000677	LABG_024935
repARGgff0001327	LABG_024935
repARGgff0001328	LABG_024935
repARGgff0001321	LABG_024937
repARGgff0001346	LABG_024937
repARGgff0001328	LABG_024937
repARGgff0001089	LABG_024940
repARGgff0001090	LABG_024940
repARGgff0001334	LABG_024969
repARGgff0000481	LABG_024969
repARGgff0000116	LABG_024975
repARGgff0001337	LABG_024975
repARGgff0001338	LABG_024976
repARGgff0001339	LABG_024977
repARGgff0000834	LABG_024990
repARGgff0000597	LABG_024990
repARGgff0000106	LABG_024990
repARGgff0001328	LABG_024990
repARGgff0001344	LABG_024990
repARGgff0001345	LABG_024998
repARGgff0001346	LABG_025000
repARGgff0001217	LABG_025000
repARGgff0001348	LABG_025003
repARGgff0001349	LABG_025003
repARGgff0001350	LABG_025003
repARGgff0001087	LABG_025003
repARGgff0001352	LABG_025003
repARGgff0001353	LABG_025003
repARGgff0000183	LABG_025005
repARGgff0000183	LABG_025009
repARGgff0000290	LABG_025023
repARGgff0000385	LABG_025023
repARGgff0001321	LABG_025027
repARGgff0000420	LABG_025043
repARGgff0001360	LABG_025043
repARGgff0001200	LABG_025043
repARGgff0001362	LABG_025046
repARGgff0001217	LABG_025048
repARGgff0001315	LABG_025059
repARGgff0001346	LABG_025059
repARGgff0001380	LABG_025059
repARGgff0000290	LABG_025059
repARGgff0000230	LABG_025059
repARGgff0001369	LABG_025059
repARGgff0001217	LABG_025059
repARGgff0001154	LABG_025060
repARGgff0000038	LABG_025060
repARGgff0001409	LABG_025062
repARGgff0000120	LABG_025066
repARGgff0000418	LABG_025071
repARGgff0001217	LABG_025071
repARGgff0000690	LABG_025072
repARGgff0000035	LABG_025072
repARGgff0000116	LABG_025072
repARGgff0001380	LABG_025072
repARGgff0001200	LABG_025072
repARGgff0001382	LABG_025074
repARGgff0000481	LABG_025081
repARGgff0001304	LABG_025082
repARGgff0001385	LABG_025082
repARGgff0000956	LABG_025082
repARGgff0000957	LABG_025082
repARGgff0001127	LABG_025082
repARGgff0001128	LABG_025082
repARGgff0000420	LABG_025084
repARGgff0000421	LABG_025084
repARGgff0000922	LABG_025084
repARGgff0001393	LABG_025084
repARGgff0001154	LABG_025084
repARGgff0001393	LABG_025094
repARGgff0000418	LABG_025094
repARGgff0000116	LABG_025095
repARGgff0001321	LABG_025096
repARGgff0001174	LABG_025097
repARGgff0001393	LABG_025099
repARGgff0000116	LABG_025099
repARGgff0001089	LABG_025102
repARGgff0001090	LABG_025102
repARGgff0001404	LABG_025106
repARGgff0001160	LABG_025110
repARGgff0000597	LABG_025110
repARGgff0001127	LABG_025113
repARGgff0001128	LABG_025113
repARGgff0001409	LABG_025120
repARGgff0000002	LABG_025120
repARGgff0000116	LABG_025120
repARGgff0001393	LABG_025131
repARGgff0001393	LABG_025139
repARGgff0001346	LABG_025152
repARGgff0000597	LABG_025167
repARGgff0001321	LABG_025169
repARGgff0000969	LABG_025182
repARGgff0000597	LABG_025223
repARGgff0000597	LABG_025224
repARGgff0000418	LABG_025322
repARGgff0001421	LABG_025325
repARGgff0001141	LABG_025325
repARGgff0001423	LABG_025325
repARGgff0001217	LABG_025325
