genus	species	eligible_source_count	total_MQ_genomes	total_ARG_positive	minimum_source_n	maximum_source_n	minimum_ARG_positive_rate	maximum_ARG_positive_rate	max_rate_difference	highest_rate_source	lowest_rate_source	p_value	fdr	minus_log10_fdr	significant
Lactobacillus	Lactobacillus crispatus	4	763	141	6	571	0	0.7225806451612903	0.7225806451612903	animal	food	1.0571075157655326e-68	1.004252139977256e-66	65.99815723415011	TRUE
Ligilactobacillus	Ligilactobacillus salivarius	4	856	278	14	397	0.11586901763224182	0.5789473684210527	0.4630783507888108	animal	human	4.166770661108606e-44	1.9792160640265878e-42	41.703506792811055	TRUE
Lactobacillus	Lactobacillus sp910589675	4	859	85	11	528	0.015151515151515152	0.3333333333333333	0.3181818181818182	human	other	2.8579564749176768e-25	9.050195503905976e-24	23.043342038988115	TRUE
Limosilactobacillus	Limosilactobacillus reuteri	4	334	65	53	113	0.034482758620689655	0.49557522123893805	0.4610924626182484	animal	food	5.623809728558087e-21	1.3356548105325457e-19	18.874305767347966	TRUE
Limosilactobacillus	Limosilactobacillus reuteri_I	4	234	70	5	137	0	0.48905109489051096	0.48905109489051096	animal	human	1.885535791275427e-15	3.582518003423311e-14	13.445811618441363	TRUE
Lactobacillus	Lactobacillus amylovorus	4	353	199	16	227	0.2	0.7180616740088106	0.5180616740088106	animal	other	3.062599236317041e-14	4.849115457501982e-13	12.314337475204118	TRUE
Pediococcus	Pediococcus acidilactici	4	441	25	29	210	0.013157894736842105	0.22	0.20684210526315788	other	human	5.266631312192362e-8	7.147571066546777e-7	6.145841517864947	TRUE
Pediococcus	Pediococcus pentosaceus	4	261	18	27	153	0	0.36363636363636365	0.36363636363636365	animal	human/other	1.1889439818928645e-7	1.4118709784977766e-6	5.8502049887563405	TRUE
Ligilactobacillus	Ligilactobacillus ruminis	3	912	126	57	798	0.12155388471177944	0.38596491228070173	0.2644110275689223	animal	human	4.414787737344519e-6	4.660053722752548e-5	4.331609076580279	TRUE
Leuconostoc	Leuconostoc mesenteroides	4	555	14	21	427	0	0.13725490196078433	0.13725490196078433	animal	human	4.305171854530536e-5	4.0899132618040093e-4	3.3882859023396836	TRUE
Lacticaseibacillus	Lacticaseibacillus paracasei	4	1438	14	24	737	0	0.024518388791593695	0.024518388791593695	human	animal/food/other	6.724001712407635e-5	5.807092387988413e-4	3.2360412644997587	TRUE
Lactobacillus	Lactobacillus sp945980025	3	120	84	6	91	0.34782608695652173	0.7912087912087912	0.44338270425226944	animal	other	1.811099278223311e-4	0.0014337869285934546	2.8435153832648177	TRUE
Limosilactobacillus	Limosilactobacillus mucosae	4	414	42	34	245	0.058823529411764705	0.3157894736842105	0.2569659442724458	food	other	5.98238121891217e-4	0.004136824009632806	2.3833329546353337	TRUE
Limosilactobacillus	Limosilactobacillus vaginalis	3	221	25	10	139	0	0.17266187050359713	0.17266187050359713	animal	other	6.09637222472203e-4	0.004136824009632806	2.3833329546353337	TRUE
Lactiplantibacillus	Lactiplantibacillus plantarum	4	1955	66	159	1095	0.014184397163120567	0.06443914081145585	0.050254743648335286	human	other	6.783531166645925e-4	0.004296236405542419	2.3669118290781115	TRUE
Lactobacillus	Lactobacillus acidophilus	4	249	9	10	148	0	0.14634146341463414	0.14634146341463414	other	animal	0.001177062592123473	0.006988809140733122	2.155596819628942	TRUE
Latilactobacillus	Latilactobacillus curvatus	4	200	7	7	141	0	0.42857142857142855	0.42857142857142855	animal	human	0.001938442922099448	0.01083247515290868	1.9652722984594797	TRUE
Limosilactobacillus	Limosilactobacillus reuteri_J	2	41	7	19	22	0	0.3684210526315789	0.3684210526315789	animal	other	0.002241265655899803	0.011828902072804515	1.9270555635589335	TRUE
Leuconostoc	Leuconostoc suionicum	2	52	3	8	44	0	0.375	0.375	other	food	0.00253393665158371	0.012669683257918549	1.8972342423428916	TRUE
Lapidilactobacillus	Lapidilactobacillus dextrinicus	2	39	2	6	33	0	0.3333333333333333	0.3333333333333333	animal	human	0.02024291497975708	0.08741258741258738	1.0584260244570056	FALSE
Latilactobacillus	Latilactobacillus sakei	4	237	12	5	118	0	0.2	0.2	animal	human	0.019618302910668996	0.08741258741258738	1.0584260244570056	FALSE
Leuconostoc	Leuconostoc citreum	4	246	8	22	107	0	0.07476635514018691	0.07476635514018691	human	animal/food/other	0.0198833728613874	0.08741258741258738	1.0584260244570056	FALSE
Weissella	Weissella paramesenteroides	3	77	8	6	44	0	0.18181818181818182	0.18181818181818182	animal	human/food	0.0352116777125683	0.13937955761224952	0.8558009182553791	FALSE
Oenococcus	Oenococcus oeni	2	496	3	162	334	0	0.018518518518518517	0.018518518518518517	other	food	0.034407019126883265	0.13937955761224952	0.8558009182553791	FALSE
Loigolactobacillus	Loigolactobacillus coryniformis	3	61	3	5	50	0	0.3333333333333333	0.3333333333333333	animal	human	0.03931647679911136	0.14940261183662318	0.8256418101757865	FALSE
Ligilactobacillus	Ligilactobacillus agilis	4	214	38	7	178	0	0.4	0.4	other	food	0.04867853463812369	0.177863876562375	0.7499122464221244	FALSE
Lactobacillus	Lactobacillus paragasseri	3	449	5	9	410	0	0.06666666666666667	0.06666666666666667	other	food	0.06220165662910817	0.21885768073204726	0.6598382073738654	FALSE
Limosilactobacillus	Limosilactobacillus fermentum	4	786	10	17	442	0	0.027450980392156862	0.027450980392156862	food	animal	0.06807698729387332	0.23097549260421305	0.6364340979926633	FALSE
Weissella	Weissella cibaria	4	203	2	15	99	0	0.06666666666666667	0.06666666666666667	animal	human/other	0.08150026825343207	0.26698363738193265	0.5735153544125419	FALSE
Apilactobacillus	Apilactobacillus waqarii	3	66	1	7	37	0	0.14285714285714285	0.14285714285714285	food	animal/other	0.10606060606060366	0.33585858585857825	0.47384354495843634	FALSE
Lactobacillus	Lactobacillus delbrueckii	4	1073	7	15	563	0	0.023809523809523808	0.023809523809523808	human	animal	0.12438878682796399	0.3811914435050509	0.4188568564079162	FALSE
Lactobacillus	Lactobacillus sp948948975	3	21	2	5	9	0	0.2857142857142857	0.2857142857142857	food	animal/other	0.14761904761904704	0.4382440476190459	0.3582839739307065	FALSE
Limosilactobacillus	Limosilactobacillus ingluviei	3	115	12	5	103	0	0.2857142857142857	0.2857142857142857	other	human	0.22999069596834618	0.6480608335289949	0.18838422495361937	FALSE
Ligilactobacillus	Ligilactobacillus murinus	4	1180	17	6	792	0	0.024	0.024	animal	human/food	0.23193756147353503	0.6480608335289949	0.18838422495361937	FALSE
Companilactobacillus	Companilactobacillus farciminis	2	14	3	5	9	0	0.3333333333333333	0.3333333333333333	animal	food	0.25824175824175816	0.6814713064713063	0.16655242552779695	FALSE
Lactobacillus	Lactobacillus sp948500755	3	86	1	22	34	0	0.045454545454545456	0.045454545454545456	animal	food/other	0.25581395348837455	0.6814713064713063	0.16655242552779695	FALSE
Lactobacillus	Lactobacillus helveticus	3	360	5	35	214	0	0.02336448598130841	0.02336448598130841	food	human/other	0.27666655036796167	0.7103600617555773	0.1485214636803976	FALSE
Limosilactobacillus	Limosilactobacillus rodentium	3	295	1	8	199	0	0.011363636363636364	0.011363636363636364	animal	food/other	0.3254237288135511	0.8135593220338777	0.08961077426656797	FALSE
Ligilactobacillus	Ligilactobacillus aviarius_C	2	77	11	11	66	0	0.16666666666666666	0.16666666666666666	animal	other	0.34798454260495315	0.8476546550633474	0.0717810486257475	FALSE
Lacticaseibacillus	Lacticaseibacillus rhamnosus	4	1384	8	14	1006	0	0.013157894736842105	0.013157894736842105	food	animal	0.37224429320576224	0.8840801963636853	0.05350833763570637	FALSE
Lactobacillus	Lactobacillus iners	2	231	108	12	219	0.3333333333333333	0.4748858447488584	0.1415525114155251	human	other	0.38756685830105075	0.898020769234142	0.04671361894575297	FALSE
Lactobacillus	Lactobacillus gallinarum	3	95	59	7	81	0.5714285714285714	0.8571428571428571	0.2857142857142857	human	other	0.46095846767026327	1	-0	FALSE
Lactobacillus	Lactobacillus sp027681045	2	12	2	5	7	0	0.2857142857142857	0.2857142857142857	animal	human	0.46969696969696983	1	-0	FALSE
Limosilactobacillus	Limosilactobacillus oris_A	3	106	19	5	95	0	0.2	0.2	food	human	0.678757809121253	1	-0	FALSE
Limosilactobacillus	Limosilactobacillus pulli	3	43	3	7	29	0	0.14285714285714285	0.14285714285714285	other	food	0.7039137833238774	1	-0	FALSE
Lactobacillus	Lactobacillus absianus	2	16	4	6	10	0.16666666666666666	0.3	0.13333333333333333	animal	other	1	1	-0	FALSE
Limosilactobacillus	Limosilactobacillus reuteri_E	4	268	93	11	172	0.3372093023255814	0.45454545454545453	0.11733615221987315	food	animal	0.8656699242037609	1	-0	FALSE
Lactobacillus	Lactobacillus johnsonii	4	174	72	5	125	0.3333333333333333	0.44	0.10666666666666669	animal	human	0.7066612734641355	1	-0	FALSE
Ligilactobacillus	Ligilactobacillus animalis	3	105	50	11	72	0.45454545454545453	0.5454545454545454	0.09090909090909088	food	animal	0.9079183299254211	1	-0	FALSE
Fructilactobacillus	Fructilactobacillus sanfranciscensis	3	80	4	5	65	0	0.06153846153846154	0.06153846153846154	food	human/other	0.9999999999999706	1	-0	FALSE
Levilactobacillus	Levilactobacillus brevis	4	343	12	17	238	0	0.058823529411764705	0.058823529411764705	animal	other	0.5467427416338825	1	-0	FALSE
Weissella	Weissella thailandensis	2	68	3	13	55	0	0.05454545454545454	0.05454545454545454	animal	food	1	1	-0	FALSE
Ligilactobacillus	Ligilactobacillus saerimneri	2	17	4	5	12	0.2	0.25	0.04999999999999999	animal	other	1	1	-0	FALSE
Limosilactobacillus	Limosilactobacillus sp011958095	3	132	3	10	78	0	0.045454545454545456	0.045454545454545456	animal	human	0.4442748091602747	1	-0	FALSE
Limosilactobacillus	Limosilactobacillus intestinavium	2	33	1	9	24	0	0.041666666666666664	0.041666666666666664	animal	human	1	1	-0	FALSE
Leuconostoc	Leuconostoc lactis	3	109	2	6	54	0	0.02040816326530612	0.02040816326530612	human	other	1	1	-0	FALSE
Lentilactobacillus	Lentilactobacillus hilgardii	3	121	2	8	103	0	0.019417475728155338	0.019417475728155338	food	human/other	0.9999999999999345	1	-0	FALSE
Lactobacillus	Lactobacillus mulieris	2	84	1	5	79	0	0.012658227848101266	0.012658227848101266	human	other	1	1	-0	FALSE
Leuconostoc	Leuconostoc pseudomesenteroides	2	114	1	6	108	0	0.009259259259259259	0.009259259259259259	food	other	0.9999999999999999	1	-0	FALSE
Lactobacillus	Lactobacillus gasseri	2	346	3	21	325	0	0.009230769230769232	0.009230769230769232	human	other	1	1	-0	FALSE
Lactiplantibacillus	Lactiplantibacillus pentosus	3	193	1	12	142	0	0.007042253521126761	0.007042253521126761	food	human/other	0.9999999999999379	1	-0	FALSE
Apilactobacillus	Apilactobacillus kunkeei	2	70	0	10	60	0	0	0	animal/food	animal/food	1	1	-0	FALSE
Companilactobacillus	Companilactobacillus sp022484265	2	22	0	8	14	0	0	0	food/other	food/other	1	1	-0	FALSE
Fructilactobacillus	Fructilactobacillus fructivorans	2	12	0	5	7	0	0	0	food/other	food/other	1	1	-0	FALSE
Lacticaseibacillus	Lacticaseibacillus casei	2	44	0	14	30	0	0	0	human/food	human/food	1	1	-0	FALSE
Lacticaseibacillus	Lacticaseibacillus suilingensis	2	16	0	8	8	0	0	0	human/other	human/other	1	1	-0	FALSE
Lacticaseibacillus	Lacticaseibacillus zeae	2	15	0	7	8	0	0	0	human/food	human/food	1	1	-0	FALSE
Lactiplantibacillus	Lactiplantibacillus paraplantarum	2	34	0	6	28	0	0	0	food/other	food/other	1	1	-0	FALSE
Lactobacillus	Lactobacillus acetotolerans	2	36	0	17	19	0	0	0	food/other	food/other	1	1	-0	FALSE
Lactobacillus	Lactobacillus amylolyticus	2	13	0	6	7	0	0	0	human/food	human/food	1	1	-0	FALSE
Lactobacillus	Lactobacillus delbrueckii_B	2	19	0	8	11	0	0	0	animal/human	animal/human	1	1	-0	FALSE
Lactobacillus	Lactobacillus hominis	3	24	0	6	10	0	0	0	human/food/other	human/food/other	1	1	-0	FALSE
Lactobacillus	Lactobacillus kefiranofaciens	2	62	0	6	56	0	0	0	food/other	food/other	1	1	-0	FALSE
Lactobacillus	Lactobacillus sp910589175	2	14	0	5	9	0	0	0	animal/food	animal/food	1	1	-0	FALSE
Lactobacillus	Lactobacillus taiwanensis	3	77	0	15	41	0	0	0	animal/food/other	animal/food/other	1	1	-0	FALSE
Lentilactobacillus	Lentilactobacillus buchneri	4	83	0	5	59	0	0	0	animal/human/food/other	animal/human/food/other	1	1	-0	FALSE
Lentilactobacillus	Lentilactobacillus kefiri	2	55	0	7	48	0	0	0	food/other	food/other	1	1	-0	FALSE
Lentilactobacillus	Lentilactobacillus parabuchneri	3	145	0	5	108	0	0	0	human/food/other	human/food/other	1	1	-0	FALSE
Lentilactobacillus	Lentilactobacillus parafarraginis	2	23	0	10	13	0	0	0	human/food	human/food	1	1	-0	FALSE
Leuconostoc	Leuconostoc carnosum	2	37	0	5	32	0	0	0	food/other	food/other	1	1	-0	FALSE
Leuconostoc	Leuconostoc falkenbergense	2	168	0	13	155	0	0	0	food/other	food/other	1	1	-0	FALSE
Leuconostoc	Leuconostoc gasicomitatum	2	44	0	8	36	0	0	0	food/other	food/other	1	1	-0	FALSE
Ligilactobacillus	Ligilactobacillus acidipiscis	2	19	0	5	14	0	0	0	food/other	food/other	1	1	-0	FALSE
Limosilactobacillus	Limosilactobacillus oris	2	58	0	6	52	0	0	0	human/other	human/other	1	1	-0	FALSE
Limosilactobacillus	Limosilactobacillus reuteri_G	3	37	0	8	16	0	0	0	animal/food/other	animal/food/other	1	1	-0	FALSE
Limosilactobacillus	Limosilactobacillus timonensis	2	14	0	6	8	0	0	0	animal/food	animal/food	1	1	-0	FALSE
Limosilactobacillus	Limosilactobacillus urinaemulieris	2	11	0	5	6	0	0	0	food/other	food/other	1	1	-0	FALSE
Liquorilactobacillus	Liquorilactobacillus satsumensis	2	237	0	7	230	0	0	0	food/other	food/other	1	1	-0	FALSE
Pediococcus	Pediococcus parvulus	2	36	0	11	25	0	0	0	food/other	food/other	1	1	-0	FALSE
Schleiferilactobacillus	Schleiferilactobacillus harbinensis	3	56	0	5	40	0	0	0	human/food/other	human/food/other	1	1	-0	FALSE
Weissella	Weissella confusa	4	209	0	18	83	0	0	0	animal/human/food/other	animal/human/food/other	1	1	-0	FALSE
Weissella	Weissella koreensis	2	13	0	6	7	0	0	0	human/food	human/food	1	1	-0	FALSE
Weissella	Weissella sagaensis	2	20	0	6	14	0	0	0	food/other	food/other	1	1	-0	FALSE
Weissella	Weissella soli	3	51	0	5	28	0	0	0	animal/human/food	animal/human/food	1	1	-0	FALSE
Weissella	Weissella viridescens	2	21	0	9	12	0	0	0	human/food	human/food	1	1	-0	FALSE
