genus	species	source_type	ARG_negative_n	ARG_positive_n	source_n	ARG_positive_rate	fdr	significant	max_rate_difference
Apilactobacillus	Apilactobacillus kunkeei	animal	60	0	60	0	1	FALSE	0
Apilactobacillus	Apilactobacillus kunkeei	food	10	0	10	0	1	FALSE	0
Apilactobacillus	Apilactobacillus waqarii	animal	22	0	22	0	0.33585858585857825	FALSE	0.14285714285714285
Apilactobacillus	Apilactobacillus waqarii	food	6	1	7	0.14285714285714285	0.33585858585857825	FALSE	0.14285714285714285
Apilactobacillus	Apilactobacillus waqarii	other	37	0	37	0	0.33585858585857825	FALSE	0.14285714285714285
Companilactobacillus	Companilactobacillus farciminis	animal	6	3	9	0.3333333333333333	0.6814713064713063	FALSE	0.3333333333333333
Companilactobacillus	Companilactobacillus farciminis	food	5	0	5	0	0.6814713064713063	FALSE	0.3333333333333333
Companilactobacillus	Companilactobacillus sp022484265	food	14	0	14	0	1	FALSE	0
Companilactobacillus	Companilactobacillus sp022484265	other	8	0	8	0	1	FALSE	0
Fructilactobacillus	Fructilactobacillus fructivorans	food	7	0	7	0	1	FALSE	0
Fructilactobacillus	Fructilactobacillus fructivorans	other	5	0	5	0	1	FALSE	0
Fructilactobacillus	Fructilactobacillus sanfranciscensis	human	10	0	10	0	1	FALSE	0.06153846153846154
Fructilactobacillus	Fructilactobacillus sanfranciscensis	food	61	4	65	0.06153846153846154	1	FALSE	0.06153846153846154
Fructilactobacillus	Fructilactobacillus sanfranciscensis	other	5	0	5	0	1	FALSE	0.06153846153846154
Lacticaseibacillus	Lacticaseibacillus casei	human	14	0	14	0	1	FALSE	0
Lacticaseibacillus	Lacticaseibacillus casei	food	30	0	30	0	1	FALSE	0
Lacticaseibacillus	Lacticaseibacillus paracasei	animal	24	0	24	0	5.807092387988413e-4	TRUE	0.024518388791593695
Lacticaseibacillus	Lacticaseibacillus paracasei	human	557	14	571	0.024518388791593695	5.807092387988413e-4	TRUE	0.024518388791593695
Lacticaseibacillus	Lacticaseibacillus paracasei	food	737	0	737	0	5.807092387988413e-4	TRUE	0.024518388791593695
Lacticaseibacillus	Lacticaseibacillus paracasei	other	106	0	106	0	5.807092387988413e-4	TRUE	0.024518388791593695
Lacticaseibacillus	Lacticaseibacillus rhamnosus	animal	14	0	14	0	0.8840801963636853	FALSE	0.013157894736842105
Lacticaseibacillus	Lacticaseibacillus rhamnosus	human	1001	5	1006	0.004970178926441352	0.8840801963636853	FALSE	0.013157894736842105
Lacticaseibacillus	Lacticaseibacillus rhamnosus	food	150	2	152	0.013157894736842105	0.8840801963636853	FALSE	0.013157894736842105
Lacticaseibacillus	Lacticaseibacillus rhamnosus	other	211	1	212	0.0047169811320754715	0.8840801963636853	FALSE	0.013157894736842105
Lacticaseibacillus	Lacticaseibacillus suilingensis	human	8	0	8	0	1	FALSE	0
Lacticaseibacillus	Lacticaseibacillus suilingensis	other	8	0	8	0	1	FALSE	0
Lacticaseibacillus	Lacticaseibacillus zeae	human	7	0	7	0	1	FALSE	0
Lacticaseibacillus	Lacticaseibacillus zeae	food	8	0	8	0	1	FALSE	0
Lactiplantibacillus	Lactiplantibacillus paraplantarum	food	28	0	28	0	1	FALSE	0
Lactiplantibacillus	Lactiplantibacillus paraplantarum	other	6	0	6	0	1	FALSE	0
Lactiplantibacillus	Lactiplantibacillus pentosus	human	39	0	39	0	1	FALSE	0.007042253521126761
Lactiplantibacillus	Lactiplantibacillus pentosus	food	141	1	142	0.007042253521126761	1	FALSE	0.007042253521126761
Lactiplantibacillus	Lactiplantibacillus pentosus	other	12	0	12	0	1	FALSE	0.007042253521126761
Lactiplantibacillus	Lactiplantibacillus plantarum	animal	152	7	159	0.0440251572327044	0.004296236405542419	TRUE	0.050254743648335286
Lactiplantibacillus	Lactiplantibacillus plantarum	human	392	27	419	0.06443914081145585	0.004296236405542419	TRUE	0.050254743648335286
Lactiplantibacillus	Lactiplantibacillus plantarum	food	1067	28	1095	0.025570776255707764	0.004296236405542419	TRUE	0.050254743648335286
Lactiplantibacillus	Lactiplantibacillus plantarum	other	278	4	282	0.014184397163120567	0.004296236405542419	TRUE	0.050254743648335286
Lactobacillus	Lactobacillus absianus	animal	7	3	10	0.3	1	FALSE	0.13333333333333333
Lactobacillus	Lactobacillus absianus	other	5	1	6	0.16666666666666666	1	FALSE	0.13333333333333333
Lactobacillus	Lactobacillus acetotolerans	food	19	0	19	0	1	FALSE	0
Lactobacillus	Lactobacillus acetotolerans	other	17	0	17	0	1	FALSE	0
Lactobacillus	Lactobacillus acidophilus	animal	10	0	10	0	0.006988809140733122	TRUE	0.14634146341463414
Lactobacillus	Lactobacillus acidophilus	human	147	1	148	0.006756756756756757	0.006988809140733122	TRUE	0.14634146341463414
Lactobacillus	Lactobacillus acidophilus	food	48	2	50	0.04	0.006988809140733122	TRUE	0.14634146341463414
Lactobacillus	Lactobacillus acidophilus	other	35	6	41	0.14634146341463414	0.006988809140733122	TRUE	0.14634146341463414
Lactobacillus	Lactobacillus amylolyticus	human	6	0	6	0	1	FALSE	0
Lactobacillus	Lactobacillus amylolyticus	food	7	0	7	0	1	FALSE	0
Lactobacillus	Lactobacillus amylovorus	animal	64	163	227	0.7180616740088106	4.849115457501982e-13	TRUE	0.5180616740088106
Lactobacillus	Lactobacillus amylovorus	human	51	24	75	0.32	4.849115457501982e-13	TRUE	0.5180616740088106
Lactobacillus	Lactobacillus amylovorus	food	11	5	16	0.3125	4.849115457501982e-13	TRUE	0.5180616740088106
Lactobacillus	Lactobacillus amylovorus	other	28	7	35	0.2	4.849115457501982e-13	TRUE	0.5180616740088106
Lactobacillus	Lactobacillus crispatus	animal	43	112	155	0.7225806451612903	1.004252139977256e-66	TRUE	0.7225806451612903
Lactobacillus	Lactobacillus crispatus	human	544	27	571	0.047285464098073555	1.004252139977256e-66	TRUE	0.7225806451612903
Lactobacillus	Lactobacillus crispatus	food	6	0	6	0	1.004252139977256e-66	TRUE	0.7225806451612903
Lactobacillus	Lactobacillus crispatus	other	29	2	31	0.06451612903225806	1.004252139977256e-66	TRUE	0.7225806451612903
Lactobacillus	Lactobacillus delbrueckii	animal	15	0	15	0	0.3811914435050509	FALSE	0.023809523809523808
Lactobacillus	Lactobacillus delbrueckii	human	123	3	126	0.023809523809523808	0.3811914435050509	FALSE	0.023809523809523808
Lactobacillus	Lactobacillus delbrueckii	food	368	1	369	0.0027100271002710027	0.3811914435050509	FALSE	0.023809523809523808
Lactobacillus	Lactobacillus delbrueckii	other	560	3	563	0.0053285968028419185	0.3811914435050509	FALSE	0.023809523809523808
Lactobacillus	Lactobacillus delbrueckii_B	animal	11	0	11	0	1	FALSE	0
Lactobacillus	Lactobacillus delbrueckii_B	human	8	0	8	0	1	FALSE	0
Lactobacillus	Lactobacillus gallinarum	animal	32	49	81	0.6049382716049383	1	FALSE	0.2857142857142857
Lactobacillus	Lactobacillus gallinarum	human	1	6	7	0.8571428571428571	1	FALSE	0.2857142857142857
Lactobacillus	Lactobacillus gallinarum	other	3	4	7	0.5714285714285714	1	FALSE	0.2857142857142857
Lactobacillus	Lactobacillus gasseri	human	322	3	325	0.009230769230769232	1	FALSE	0.009230769230769232
Lactobacillus	Lactobacillus gasseri	other	21	0	21	0	1	FALSE	0.009230769230769232
Lactobacillus	Lactobacillus helveticus	human	35	0	35	0	0.7103600617555773	FALSE	0.02336448598130841
Lactobacillus	Lactobacillus helveticus	food	209	5	214	0.02336448598130841	0.7103600617555773	FALSE	0.02336448598130841
Lactobacillus	Lactobacillus helveticus	other	111	0	111	0	0.7103600617555773	FALSE	0.02336448598130841
Lactobacillus	Lactobacillus hominis	human	6	0	6	0	1	FALSE	0
Lactobacillus	Lactobacillus hominis	food	10	0	10	0	1	FALSE	0
Lactobacillus	Lactobacillus hominis	other	8	0	8	0	1	FALSE	0
Lactobacillus	Lactobacillus iners	human	115	104	219	0.4748858447488584	0.898020769234142	FALSE	0.1415525114155251
Lactobacillus	Lactobacillus iners	other	8	4	12	0.3333333333333333	0.898020769234142	FALSE	0.1415525114155251
Lactobacillus	Lactobacillus johnsonii	animal	70	55	125	0.44	1	FALSE	0.10666666666666669
Lactobacillus	Lactobacillus johnsonii	human	26	13	39	0.3333333333333333	1	FALSE	0.10666666666666669
Lactobacillus	Lactobacillus johnsonii	food	3	2	5	0.4	1	FALSE	0.10666666666666669
Lactobacillus	Lactobacillus johnsonii	other	3	2	5	0.4	1	FALSE	0.10666666666666669
Lactobacillus	Lactobacillus kefiranofaciens	food	56	0	56	0	1	FALSE	0
Lactobacillus	Lactobacillus kefiranofaciens	other	6	0	6	0	1	FALSE	0
Lactobacillus	Lactobacillus mulieris	human	78	1	79	0.012658227848101266	1	FALSE	0.012658227848101266
Lactobacillus	Lactobacillus mulieris	other	5	0	5	0	1	FALSE	0.012658227848101266
Lactobacillus	Lactobacillus paragasseri	human	407	3	410	0.007317073170731708	0.21885768073204726	FALSE	0.06666666666666667
Lactobacillus	Lactobacillus paragasseri	food	9	0	9	0	0.21885768073204726	FALSE	0.06666666666666667
Lactobacillus	Lactobacillus paragasseri	other	28	2	30	0.06666666666666667	0.21885768073204726	FALSE	0.06666666666666667
Lactobacillus	Lactobacillus sp027681045	animal	5	2	7	0.2857142857142857	1	FALSE	0.2857142857142857
Lactobacillus	Lactobacillus sp027681045	human	5	0	5	0	1	FALSE	0.2857142857142857
Lactobacillus	Lactobacillus sp910589175	animal	5	0	5	0	1	FALSE	0
Lactobacillus	Lactobacillus sp910589175	food	9	0	9	0	1	FALSE	0
Lactobacillus	Lactobacillus sp910589675	animal	225	65	290	0.22413793103448276	9.050195503905976e-24	TRUE	0.3181818181818182
Lactobacillus	Lactobacillus sp910589675	human	20	10	30	0.3333333333333333	9.050195503905976e-24	TRUE	0.3181818181818182
Lactobacillus	Lactobacillus sp910589675	food	9	2	11	0.18181818181818182	9.050195503905976e-24	TRUE	0.3181818181818182
Lactobacillus	Lactobacillus sp910589675	other	520	8	528	0.015151515151515152	9.050195503905976e-24	TRUE	0.3181818181818182
Lactobacillus	Lactobacillus sp945980025	animal	19	72	91	0.7912087912087912	0.0014337869285934546	TRUE	0.44338270425226944
Lactobacillus	Lactobacillus sp945980025	human	2	4	6	0.6666666666666666	0.0014337869285934546	TRUE	0.44338270425226944
Lactobacillus	Lactobacillus sp945980025	other	15	8	23	0.34782608695652173	0.0014337869285934546	TRUE	0.44338270425226944
Lactobacillus	Lactobacillus sp948500755	animal	21	1	22	0.045454545454545456	0.6814713064713063	FALSE	0.045454545454545456
Lactobacillus	Lactobacillus sp948500755	food	30	0	30	0	0.6814713064713063	FALSE	0.045454545454545456
Lactobacillus	Lactobacillus sp948500755	other	34	0	34	0	0.6814713064713063	FALSE	0.045454545454545456
Lactobacillus	Lactobacillus sp948948975	animal	9	0	9	0	0.4382440476190459	FALSE	0.2857142857142857
Lactobacillus	Lactobacillus sp948948975	food	5	2	7	0.2857142857142857	0.4382440476190459	FALSE	0.2857142857142857
Lactobacillus	Lactobacillus sp948948975	other	5	0	5	0	0.4382440476190459	FALSE	0.2857142857142857
Lactobacillus	Lactobacillus taiwanensis	animal	41	0	41	0	1	FALSE	0
Lactobacillus	Lactobacillus taiwanensis	food	21	0	21	0	1	FALSE	0
Lactobacillus	Lactobacillus taiwanensis	other	15	0	15	0	1	FALSE	0
Lapidilactobacillus	Lapidilactobacillus dextrinicus	animal	4	2	6	0.3333333333333333	0.08741258741258738	FALSE	0.3333333333333333
Lapidilactobacillus	Lapidilactobacillus dextrinicus	human	33	0	33	0	0.08741258741258738	FALSE	0.3333333333333333
Latilactobacillus	Latilactobacillus curvatus	animal	4	3	7	0.42857142857142855	0.01083247515290868	TRUE	0.42857142857142855
Latilactobacillus	Latilactobacillus curvatus	human	24	0	24	0	0.01083247515290868	TRUE	0.42857142857142855
Latilactobacillus	Latilactobacillus curvatus	food	138	3	141	0.02127659574468085	0.01083247515290868	TRUE	0.42857142857142855
Latilactobacillus	Latilactobacillus curvatus	other	27	1	28	0.03571428571428571	0.01083247515290868	TRUE	0.42857142857142855
Latilactobacillus	Latilactobacillus sakei	animal	4	1	5	0.2	0.08741258741258738	FALSE	0.2
Latilactobacillus	Latilactobacillus sakei	human	55	0	55	0	0.08741258741258738	FALSE	0.2
Latilactobacillus	Latilactobacillus sakei	food	113	5	118	0.0423728813559322	0.08741258741258738	FALSE	0.2
Latilactobacillus	Latilactobacillus sakei	other	53	6	59	0.1016949152542373	0.08741258741258738	FALSE	0.2
Lentilactobacillus	Lentilactobacillus buchneri	animal	10	0	10	0	1	FALSE	0
Lentilactobacillus	Lentilactobacillus buchneri	human	5	0	5	0	1	FALSE	0
Lentilactobacillus	Lentilactobacillus buchneri	food	59	0	59	0	1	FALSE	0
Lentilactobacillus	Lentilactobacillus buchneri	other	9	0	9	0	1	FALSE	0
Lentilactobacillus	Lentilactobacillus hilgardii	human	10	0	10	0	1	FALSE	0.019417475728155338
Lentilactobacillus	Lentilactobacillus hilgardii	food	101	2	103	0.019417475728155338	1	FALSE	0.019417475728155338
Lentilactobacillus	Lentilactobacillus hilgardii	other	8	0	8	0	1	FALSE	0.019417475728155338
Lentilactobacillus	Lentilactobacillus kefiri	food	48	0	48	0	1	FALSE	0
Lentilactobacillus	Lentilactobacillus kefiri	other	7	0	7	0	1	FALSE	0
Lentilactobacillus	Lentilactobacillus parabuchneri	human	32	0	32	0	1	FALSE	0
Lentilactobacillus	Lentilactobacillus parabuchneri	food	108	0	108	0	1	FALSE	0
Lentilactobacillus	Lentilactobacillus parabuchneri	other	5	0	5	0	1	FALSE	0
Lentilactobacillus	Lentilactobacillus parafarraginis	human	13	0	13	0	1	FALSE	0
Lentilactobacillus	Lentilactobacillus parafarraginis	food	10	0	10	0	1	FALSE	0
Leuconostoc	Leuconostoc carnosum	food	32	0	32	0	1	FALSE	0
Leuconostoc	Leuconostoc carnosum	other	5	0	5	0	1	FALSE	0
Leuconostoc	Leuconostoc citreum	animal	22	0	22	0	0.08741258741258738	FALSE	0.07476635514018691
Leuconostoc	Leuconostoc citreum	human	99	8	107	0.07476635514018691	0.08741258741258738	FALSE	0.07476635514018691
Leuconostoc	Leuconostoc citreum	food	69	0	69	0	0.08741258741258738	FALSE	0.07476635514018691
Leuconostoc	Leuconostoc citreum	other	48	0	48	0	0.08741258741258738	FALSE	0.07476635514018691
Leuconostoc	Leuconostoc falkenbergense	food	155	0	155	0	1	FALSE	0
Leuconostoc	Leuconostoc falkenbergense	other	13	0	13	0	1	FALSE	0
Leuconostoc	Leuconostoc gasicomitatum	food	36	0	36	0	1	FALSE	0
Leuconostoc	Leuconostoc gasicomitatum	other	8	0	8	0	1	FALSE	0
Leuconostoc	Leuconostoc lactis	human	48	1	49	0.02040816326530612	1	FALSE	0.02040816326530612
Leuconostoc	Leuconostoc lactis	food	53	1	54	0.018518518518518517	1	FALSE	0.02040816326530612
Leuconostoc	Leuconostoc lactis	other	6	0	6	0	1	FALSE	0.02040816326530612
Leuconostoc	Leuconostoc mesenteroides	animal	44	7	51	0.13725490196078433	4.0899132618040093e-4	TRUE	0.13725490196078433
Leuconostoc	Leuconostoc mesenteroides	human	21	0	21	0	4.0899132618040093e-4	TRUE	0.13725490196078433
Leuconostoc	Leuconostoc mesenteroides	food	423	4	427	0.00936768149882904	4.0899132618040093e-4	TRUE	0.13725490196078433
Leuconostoc	Leuconostoc mesenteroides	other	53	3	56	0.05357142857142857	4.0899132618040093e-4	TRUE	0.13725490196078433
Leuconostoc	Leuconostoc pseudomesenteroides	food	107	1	108	0.009259259259259259	1	FALSE	0.009259259259259259
Leuconostoc	Leuconostoc pseudomesenteroides	other	6	0	6	0	1	FALSE	0.009259259259259259
Leuconostoc	Leuconostoc suionicum	food	44	0	44	0	0.012669683257918549	TRUE	0.375
Leuconostoc	Leuconostoc suionicum	other	5	3	8	0.375	0.012669683257918549	TRUE	0.375
Levilactobacillus	Levilactobacillus brevis	animal	16	1	17	0.058823529411764705	1	FALSE	0.058823529411764705
Levilactobacillus	Levilactobacillus brevis	human	53	1	54	0.018518518518518517	1	FALSE	0.058823529411764705
Levilactobacillus	Levilactobacillus brevis	food	228	10	238	0.04201680672268908	1	FALSE	0.058823529411764705
Levilactobacillus	Levilactobacillus brevis	other	34	0	34	0	1	FALSE	0.058823529411764705
Ligilactobacillus	Ligilactobacillus acidipiscis	food	14	0	14	0	1	FALSE	0
Ligilactobacillus	Ligilactobacillus acidipiscis	other	5	0	5	0	1	FALSE	0
Ligilactobacillus	Ligilactobacillus agilis	animal	150	28	178	0.15730337078651685	0.177863876562375	FALSE	0.4
Ligilactobacillus	Ligilactobacillus agilis	human	13	6	19	0.3157894736842105	0.177863876562375	FALSE	0.4
Ligilactobacillus	Ligilactobacillus agilis	food	7	0	7	0	0.177863876562375	FALSE	0.4
Ligilactobacillus	Ligilactobacillus agilis	other	6	4	10	0.4	0.177863876562375	FALSE	0.4
Ligilactobacillus	Ligilactobacillus animalis	animal	12	10	22	0.45454545454545453	1	FALSE	0.09090909090909088
Ligilactobacillus	Ligilactobacillus animalis	human	38	34	72	0.4722222222222222	1	FALSE	0.09090909090909088
Ligilactobacillus	Ligilactobacillus animalis	food	5	6	11	0.5454545454545454	1	FALSE	0.09090909090909088
Ligilactobacillus	Ligilactobacillus aviarius_C	animal	55	11	66	0.16666666666666666	0.8476546550633474	FALSE	0.16666666666666666
Ligilactobacillus	Ligilactobacillus aviarius_C	other	11	0	11	0	0.8476546550633474	FALSE	0.16666666666666666
Ligilactobacillus	Ligilactobacillus murinus	animal	366	9	375	0.024	0.6480608335289949	FALSE	0.024
Ligilactobacillus	Ligilactobacillus murinus	human	6	0	6	0	0.6480608335289949	FALSE	0.024
Ligilactobacillus	Ligilactobacillus murinus	food	7	0	7	0	0.6480608335289949	FALSE	0.024
Ligilactobacillus	Ligilactobacillus murinus	other	784	8	792	0.010101010101010102	0.6480608335289949	FALSE	0.024
Ligilactobacillus	Ligilactobacillus ruminis	animal	35	22	57	0.38596491228070173	4.660053722752548e-5	TRUE	0.2644110275689223
Ligilactobacillus	Ligilactobacillus ruminis	human	701	97	798	0.12155388471177944	4.660053722752548e-5	TRUE	0.2644110275689223
Ligilactobacillus	Ligilactobacillus ruminis	other	50	7	57	0.12280701754385964	4.660053722752548e-5	TRUE	0.2644110275689223
Ligilactobacillus	Ligilactobacillus saerimneri	animal	9	3	12	0.25	1	FALSE	0.04999999999999999
Ligilactobacillus	Ligilactobacillus saerimneri	other	4	1	5	0.2	1	FALSE	0.04999999999999999
Ligilactobacillus	Ligilactobacillus salivarius	animal	152	209	361	0.5789473684210527	1.9792160640265878e-42	TRUE	0.4630783507888108
Ligilactobacillus	Ligilactobacillus salivarius	human	351	46	397	0.11586901763224182	1.9792160640265878e-42	TRUE	0.4630783507888108
Ligilactobacillus	Ligilactobacillus salivarius	food	7	7	14	0.5	1.9792160640265878e-42	TRUE	0.4630783507888108
Ligilactobacillus	Ligilactobacillus salivarius	other	68	16	84	0.19047619047619047	1.9792160640265878e-42	TRUE	0.4630783507888108
Limosilactobacillus	Limosilactobacillus fermentum	animal	17	0	17	0	0.23097549260421305	FALSE	0.027450980392156862
Limosilactobacillus	Limosilactobacillus fermentum	human	440	2	442	0.004524886877828055	0.23097549260421305	FALSE	0.027450980392156862
Limosilactobacillus	Limosilactobacillus fermentum	food	248	7	255	0.027450980392156862	0.23097549260421305	FALSE	0.027450980392156862
Limosilactobacillus	Limosilactobacillus fermentum	other	71	1	72	0.013888888888888888	0.23097549260421305	FALSE	0.027450980392156862
Limosilactobacillus	Limosilactobacillus ingluviei	animal	93	10	103	0.0970873786407767	0.6480608335289949	FALSE	0.2857142857142857
Limosilactobacillus	Limosilactobacillus ingluviei	human	5	0	5	0	0.6480608335289949	FALSE	0.2857142857142857
Limosilactobacillus	Limosilactobacillus ingluviei	other	5	2	7	0.2857142857142857	0.6480608335289949	FALSE	0.2857142857142857
Limosilactobacillus	Limosilactobacillus intestinavium	animal	23	1	24	0.041666666666666664	1	FALSE	0.041666666666666664
Limosilactobacillus	Limosilactobacillus intestinavium	human	9	0	9	0	1	FALSE	0.041666666666666664
Limosilactobacillus	Limosilactobacillus mucosae	animal	87	10	97	0.10309278350515463	0.004136824009632806	TRUE	0.2569659442724458
Limosilactobacillus	Limosilactobacillus mucosae	human	227	18	245	0.07346938775510205	0.004136824009632806	TRUE	0.2569659442724458
Limosilactobacillus	Limosilactobacillus mucosae	food	26	12	38	0.3157894736842105	0.004136824009632806	TRUE	0.2569659442724458
Limosilactobacillus	Limosilactobacillus mucosae	other	32	2	34	0.058823529411764705	0.004136824009632806	TRUE	0.2569659442724458
Limosilactobacillus	Limosilactobacillus oris	human	52	0	52	0	1	FALSE	0
Limosilactobacillus	Limosilactobacillus oris	other	6	0	6	0	1	FALSE	0
Limosilactobacillus	Limosilactobacillus oris_A	animal	77	18	95	0.18947368421052632	1	FALSE	0.2
Limosilactobacillus	Limosilactobacillus oris_A	human	6	0	6	0	1	FALSE	0.2
Limosilactobacillus	Limosilactobacillus oris_A	food	4	1	5	0.2	1	FALSE	0.2
Limosilactobacillus	Limosilactobacillus pulli	animal	27	2	29	0.06896551724137931	1	FALSE	0.14285714285714285
Limosilactobacillus	Limosilactobacillus pulli	food	7	0	7	0	1	FALSE	0.14285714285714285
Limosilactobacillus	Limosilactobacillus pulli	other	6	1	7	0.14285714285714285	1	FALSE	0.14285714285714285
Limosilactobacillus	Limosilactobacillus reuteri	animal	57	56	113	0.49557522123893805	1.3356548105325457e-19	TRUE	0.4610924626182484
Limosilactobacillus	Limosilactobacillus reuteri	human	105	5	110	0.045454545454545456	1.3356548105325457e-19	TRUE	0.4610924626182484
Limosilactobacillus	Limosilactobacillus reuteri	food	56	2	58	0.034482758620689655	1.3356548105325457e-19	TRUE	0.4610924626182484
Limosilactobacillus	Limosilactobacillus reuteri	other	51	2	53	0.03773584905660377	1.3356548105325457e-19	TRUE	0.4610924626182484
Limosilactobacillus	Limosilactobacillus reuteri_E	animal	114	58	172	0.3372093023255814	1	FALSE	0.11733615221987315
Limosilactobacillus	Limosilactobacillus reuteri_E	human	34	19	53	0.3584905660377358	1	FALSE	0.11733615221987315
Limosilactobacillus	Limosilactobacillus reuteri_E	food	6	5	11	0.45454545454545453	1	FALSE	0.11733615221987315
Limosilactobacillus	Limosilactobacillus reuteri_E	other	21	11	32	0.34375	1	FALSE	0.11733615221987315
Limosilactobacillus	Limosilactobacillus reuteri_G	animal	16	0	16	0	1	FALSE	0
Limosilactobacillus	Limosilactobacillus reuteri_G	food	13	0	13	0	1	FALSE	0
Limosilactobacillus	Limosilactobacillus reuteri_G	other	8	0	8	0	1	FALSE	0
Limosilactobacillus	Limosilactobacillus reuteri_I	animal	70	67	137	0.48905109489051096	3.582518003423311e-14	TRUE	0.48905109489051096
Limosilactobacillus	Limosilactobacillus reuteri_I	human	13	0	13	0	3.582518003423311e-14	TRUE	0.48905109489051096
Limosilactobacillus	Limosilactobacillus reuteri_I	food	4	1	5	0.2	3.582518003423311e-14	TRUE	0.48905109489051096
Limosilactobacillus	Limosilactobacillus reuteri_I	other	77	2	79	0.02531645569620253	3.582518003423311e-14	TRUE	0.48905109489051096
Limosilactobacillus	Limosilactobacillus reuteri_J	animal	12	7	19	0.3684210526315789	0.011828902072804515	TRUE	0.3684210526315789
Limosilactobacillus	Limosilactobacillus reuteri_J	other	22	0	22	0	0.011828902072804515	TRUE	0.3684210526315789
Limosilactobacillus	Limosilactobacillus rodentium	animal	87	1	88	0.011363636363636364	0.8135593220338777	FALSE	0.011363636363636364
Limosilactobacillus	Limosilactobacillus rodentium	food	8	0	8	0	0.8135593220338777	FALSE	0.011363636363636364
Limosilactobacillus	Limosilactobacillus rodentium	other	199	0	199	0	0.8135593220338777	FALSE	0.011363636363636364
Limosilactobacillus	Limosilactobacillus sp011958095	animal	42	2	44	0.045454545454545456	1	FALSE	0.045454545454545456
Limosilactobacillus	Limosilactobacillus sp011958095	human	10	0	10	0	1	FALSE	0.045454545454545456
Limosilactobacillus	Limosilactobacillus sp011958095	other	77	1	78	0.01282051282051282	1	FALSE	0.045454545454545456
Limosilactobacillus	Limosilactobacillus timonensis	animal	8	0	8	0	1	FALSE	0
Limosilactobacillus	Limosilactobacillus timonensis	food	6	0	6	0	1	FALSE	0
Limosilactobacillus	Limosilactobacillus urinaemulieris	food	5	0	5	0	1	FALSE	0
Limosilactobacillus	Limosilactobacillus urinaemulieris	other	6	0	6	0	1	FALSE	0
Limosilactobacillus	Limosilactobacillus vaginalis	animal	115	24	139	0.17266187050359713	0.004136824009632806	TRUE	0.17266187050359713
Limosilactobacillus	Limosilactobacillus vaginalis	human	71	1	72	0.013888888888888888	0.004136824009632806	TRUE	0.17266187050359713
Limosilactobacillus	Limosilactobacillus vaginalis	other	10	0	10	0	0.004136824009632806	TRUE	0.17266187050359713
Liquorilactobacillus	Liquorilactobacillus satsumensis	food	230	0	230	0	1	FALSE	0
Liquorilactobacillus	Liquorilactobacillus satsumensis	other	7	0	7	0	1	FALSE	0
Loigolactobacillus	Loigolactobacillus coryniformis	animal	4	2	6	0.3333333333333333	0.14940261183662318	FALSE	0.3333333333333333
Loigolactobacillus	Loigolactobacillus coryniformis	human	5	0	5	0	0.14940261183662318	FALSE	0.3333333333333333
Loigolactobacillus	Loigolactobacillus coryniformis	food	49	1	50	0.02	0.14940261183662318	FALSE	0.3333333333333333
Oenococcus	Oenococcus oeni	food	334	0	334	0	0.13937955761224952	FALSE	0.018518518518518517
Oenococcus	Oenococcus oeni	other	159	3	162	0.018518518518518517	0.13937955761224952	FALSE	0.018518518518518517
Pediococcus	Pediococcus acidilactici	animal	23	6	29	0.20689655172413793	7.147571066546777e-7	TRUE	0.20684210526315788
Pediococcus	Pediococcus acidilactici	human	150	2	152	0.013157894736842105	7.147571066546777e-7	TRUE	0.20684210526315788
Pediococcus	Pediococcus acidilactici	food	204	6	210	0.02857142857142857	7.147571066546777e-7	TRUE	0.20684210526315788
Pediococcus	Pediococcus acidilactici	other	39	11	50	0.22	7.147571066546777e-7	TRUE	0.20684210526315788
Pediococcus	Pediococcus parvulus	food	25	0	25	0	1	FALSE	0
Pediococcus	Pediococcus parvulus	other	11	0	11	0	1	FALSE	0
Pediococcus	Pediococcus pentosaceus	animal	21	12	33	0.36363636363636365	1.4118709784977766e-6	TRUE	0.36363636363636365
Pediococcus	Pediococcus pentosaceus	human	27	0	27	0	1.4118709784977766e-6	TRUE	0.36363636363636365
Pediococcus	Pediococcus pentosaceus	food	147	6	153	0.0392156862745098	1.4118709784977766e-6	TRUE	0.36363636363636365
Pediococcus	Pediococcus pentosaceus	other	48	0	48	0	1.4118709784977766e-6	TRUE	0.36363636363636365
Schleiferilactobacillus	Schleiferilactobacillus harbinensis	human	11	0	11	0	1	FALSE	0
Schleiferilactobacillus	Schleiferilactobacillus harbinensis	food	40	0	40	0	1	FALSE	0
Schleiferilactobacillus	Schleiferilactobacillus harbinensis	other	5	0	5	0	1	FALSE	0
Weissella	Weissella cibaria	animal	14	1	15	0.06666666666666667	0.26698363738193265	FALSE	0.06666666666666667
Weissella	Weissella cibaria	human	99	0	99	0	0.26698363738193265	FALSE	0.06666666666666667
Weissella	Weissella cibaria	food	66	1	67	0.014925373134328358	0.26698363738193265	FALSE	0.06666666666666667
Weissella	Weissella cibaria	other	22	0	22	0	0.26698363738193265	FALSE	0.06666666666666667
Weissella	Weissella confusa	animal	18	0	18	0	1	FALSE	0
Weissella	Weissella confusa	human	83	0	83	0	1	FALSE	0
Weissella	Weissella confusa	food	82	0	82	0	1	FALSE	0
Weissella	Weissella confusa	other	26	0	26	0	1	FALSE	0
Weissella	Weissella koreensis	human	6	0	6	0	1	FALSE	0
Weissella	Weissella koreensis	food	7	0	7	0	1	FALSE	0
Weissella	Weissella paramesenteroides	animal	36	8	44	0.18181818181818182	0.13937955761224952	FALSE	0.18181818181818182
Weissella	Weissella paramesenteroides	human	6	0	6	0	0.13937955761224952	FALSE	0.18181818181818182
Weissella	Weissella paramesenteroides	food	27	0	27	0	0.13937955761224952	FALSE	0.18181818181818182
Weissella	Weissella sagaensis	food	14	0	14	0	1	FALSE	0
Weissella	Weissella sagaensis	other	6	0	6	0	1	FALSE	0
Weissella	Weissella soli	animal	18	0	18	0	1	FALSE	0
Weissella	Weissella soli	human	28	0	28	0	1	FALSE	0
Weissella	Weissella soli	food	5	0	5	0	1	FALSE	0
Weissella	Weissella thailandensis	animal	52	3	55	0.05454545454545454	1	FALSE	0.05454545454545454
Weissella	Weissella thailandensis	food	13	0	13	0	1	FALSE	0.05454545454545454
Weissella	Weissella viridescens	human	12	0	12	0	1	FALSE	0
Weissella	Weissella viridescens	food	9	0	9	0	1	FALSE	0
